Hour,irradiation_W
1,0.0
2,0.0
3,0.0
4,0.0
5,0.0
6,0.0
7,0.0
8,57.67
9,20.82
10,36.11
11,0.0
12,0.0
13,0.0
14,465.6
15,184.09
16,0.0
17,0.0
18,0.0
19,0.0
20,0.0
21,0.0
22,0.0
23,0.0
24,0.0
25,0.0
26,0.0
27,0.0
28,0.0
29,0.0
30,0.0
31,0.0
32,123.93
33,82.89
34,147.18
35,385.23
36,621.13
37,268.31
38,195.06
39,0.0
40,0.0
41,0.0
42,0.0
43,0.0
44,0.0
45,0.0
46,0.0
47,0.0
48,0.0
49,0.0
50,0.0
51,0.0
52,0.0
53,0.0
54,0.0
55,0.0
56,132.11
57,391.74
58,563.46
59,689.99
60,712.09
61,589.33
62,382.72
63,90.33
64,0.0
65,0.0
66,0.0
67,0.0
68,0.0
69,0.0
70,0.0
71,0.0
72,0.0
73,0.0
74,0.0
75,0.0
76,0.0
77,0.0
78,0.0
79,0.0
80,18.64
81,12.3
82,142.65
83,405.65
84,8.75
85,15.41
86,3.68
87,0.0
88,0.0
89,0.0
90,0.0
91,0.0
92,0.0
93,0.0
94,0.0
95,0.0
96,0.0
97,0.0
98,0.0
99,0.0
100,0.0
101,0.0
102,0.0
103,0.0
104,9.19
105,24.44
106,290.33
107,654.21
108,290.11
109,27.56
110,18.21
111,58.94
112,0.0
113,0.0
114,0.0
115,0.0
116,0.0
117,0.0
118,0.0
119,0.0
120,0.0
121,0.0
122,0.0
123,0.0
124,0.0
125,0.0
126,0.0
127,0.0
128,0.0
129,76.87
130,3.21
131,205.24
132,118.3
133,103.42
134,68.45
135,120.77
136,0.0
137,0.0
138,0.0
139,0.0
140,0.0
141,0.0
142,0.0
143,0.0
144,0.0
145,0.0
146,0.0
147,0.0
148,0.0
149,0.0
150,0.0
151,0.0
152,213.27
153,401.56
154,567.83
155,696.99
156,722.93
157,588.92
158,245.86
159,185.06
160,0.0
161,0.0
162,0.0
163,0.0
164,0.0
165,0.0
166,0.0
167,0.0
168,0.0
169,0.0
170,0.0
171,0.0
172,0.0
173,0.0
174,0.0
175,0.0
176,165.6
177,398.32
178,583.37
179,675.64
180,701.47
181,575.58
182,366.39
183,185.58
184,0.0
185,0.0
186,0.0
187,0.0
188,0.0
189,0.0
190,0.0
191,0.0
192,0.0
193,0.0
194,0.0
195,0.0
196,0.0
197,0.0
198,0.0
199,0.0
200,25.61
201,0.0
202,22.05
203,5.76
204,34.0
205,71.4
206,132.32
207,0.0
208,0.0
209,0.0
210,0.0
211,0.0
212,0.0
213,0.0
214,0.0
215,0.0
216,0.0
217,0.0
218,0.0
219,0.0
220,0.0
221,0.0
222,0.0
223,0.0
224,83.47
225,70.43
226,87.6
227,74.48
228,301.21
229,61.98
230,72.26
231,11.28
232,0.0
233,0.0
234,0.0
235,0.0
236,0.0
237,0.0
238,0.0
239,0.0
240,0.0
241,0.0
242,0.0
243,0.0
244,0.0
245,0.0
246,0.0
247,0.0
248,48.91
249,3.88
250,0.0
251,0.0
252,0.0
253,0.0
254,0.0
255,0.0
256,0.0
257,0.0
258,0.0
259,0.0
260,0.0
261,0.0
262,0.0
263,0.0
264,0.0
265,0.0
266,0.0
267,0.0
268,0.0
269,0.0
270,0.0
271,0.0
272,230.6
273,433.47
274,579.58
275,684.06
276,696.87
277,586.33
278,339.12
279,271.07
280,0.0
281,0.0
282,0.0
283,0.0
284,0.0
285,0.0
286,0.0
287,0.0
288,0.0
289,0.0
290,0.0
291,0.0
292,0.0
293,0.0
294,0.0
295,0.0
296,7.75
297,18.98
298,100.94
299,42.1
300,212.23
301,192.8
302,109.41
303,25.81
304,0.0
305,0.0
306,0.0
307,0.0
308,0.0
309,0.0
310,0.0
311,0.0
312,0.0
313,0.0
314,0.0
315,0.0
316,0.0
317,0.0
318,0.0
319,0.0
320,241.36
321,191.44
322,160.81
323,72.45
324,183.3
325,290.94
326,108.02
327,80.22
328,0.0
329,0.0
330,0.0
331,0.0
332,0.0
333,0.0
334,0.0
335,0.0
336,0.0
337,0.0
338,0.0
339,0.0
340,0.0
341,0.0
342,0.0
343,0.0
344,220.08
345,434.16
346,541.61
347,655.51
348,589.12
349,486.18
350,416.84
351,228.96
352,0.0
353,0.0
354,0.0
355,0.0
356,0.0
357,0.0
358,0.0
359,0.0
360,0.0
361,0.0
362,0.0
363,0.0
364,0.0
365,0.0
366,0.0
367,0.0
368,213.89
369,102.68
370,0.0
371,0.0
372,0.0
373,0.0
374,143.52
375,127.84
376,0.0
377,0.0
378,0.0
379,0.0
380,0.0
381,0.0
382,0.0
383,0.0
384,0.0
385,0.0
386,0.0
387,0.0
388,0.0
389,0.0
390,0.0
391,0.0
392,48.47
393,36.22
394,2.96
395,87.14
396,24.05
397,0.0
398,283.27
399,119.68
400,0.0
401,0.0
402,0.0
403,0.0
404,0.0
405,0.0
406,0.0
407,0.0
408,0.0
409,0.0
410,0.0
411,0.0
412,0.0
413,0.0
414,0.0
415,0.0
416,235.27
417,411.36
418,213.87
419,29.71
420,0.0
421,0.0
422,0.0
423,0.0
424,0.0
425,0.0
426,0.0
427,0.0
428,0.0
429,0.0
430,0.0
431,0.0
432,0.0
433,0.0
434,0.0
435,0.0
436,0.0
437,0.0
438,0.0
439,0.0
440,0.0
441,0.0
442,0.0
443,0.0
444,0.0
445,0.0
446,0.0
447,0.0
448,0.0
449,0.0
450,0.0
451,0.0
452,0.0
453,0.0
454,0.0
455,0.0
456,0.0
457,0.0
458,0.0
459,0.0
460,0.0
461,0.0
462,0.0
463,0.0
464,82.24
465,38.33
466,25.87
467,2.66
468,0.0
469,0.0
470,0.0
471,0.0
472,0.0
473,0.0
474,0.0
475,0.0
476,0.0
477,0.0
478,0.0
479,0.0
480,0.0
481,0.0
482,0.0
483,0.0
484,0.0
485,0.0
486,0.0
487,0.0
488,239.21
489,481.36
490,629.17
491,692.65
492,700.1
493,603.11
494,489.1
495,235.22
496,0.0
497,0.0
498,0.0
499,0.0
500,0.0
501,0.0
502,0.0
503,0.0
504,0.0
505,0.0
506,0.0
507,0.0
508,0.0
509,0.0
510,0.0
511,0.0
512,231.9
513,386.62
514,276.24
515,355.06
516,43.53
517,0.0
518,0.0
519,0.0
520,0.0
521,0.0
522,0.0
523,0.0
524,0.0
525,0.0
526,0.0
527,0.0
528,0.0
529,0.0
530,0.0
531,0.0
532,0.0
533,0.0
534,0.0
535,0.0
536,34.58
537,3.34
538,373.91
539,2.59
540,393.41
541,88.92
542,113.18
543,203.63
544,0.0
545,0.0
546,0.0
547,0.0
548,0.0
549,0.0
550,0.0
551,0.0
552,0.0
553,0.0
554,0.0
555,0.0
556,0.0
557,0.0
558,0.0
559,0.0
560,217.85
561,474.83
562,649.04
563,712.93
564,719.41
565,610.96
566,520.98
567,274.8
568,0.0
569,0.0
570,0.0
571,0.0
572,0.0
573,0.0
574,0.0
575,0.0
576,0.0
577,0.0
578,0.0
579,0.0
580,0.0
581,0.0
582,0.0
583,0.0
584,211.14
585,484.33
586,625.92
587,701.37
588,722.87
589,625.21
590,494.12
591,279.11
592,0.0
593,0.0
594,0.0
595,0.0
596,0.0
597,0.0
598,0.0
599,0.0
600,0.0
601,0.0
602,0.0
603,0.0
604,0.0
605,0.0
606,0.0
607,0.0
608,15.74
609,0.0
610,2.7
611,146.04
612,279.09
613,393.08
614,311.93
615,68.97
616,0.0
617,0.0
618,0.0
619,0.0
620,0.0
621,0.0
622,0.0
623,0.0
624,0.0
625,0.0
626,0.0
627,0.0
628,0.0
629,0.0
630,0.0
631,0.0
632,137.33
633,116.82
634,299.71
635,668.53
636,677.85
637,424.15
638,101.65
639,46.05
640,0.0
641,0.0
642,0.0
643,0.0
644,0.0
645,0.0
646,0.0
647,0.0
648,0.0
649,0.0
650,0.0
651,0.0
652,0.0
653,0.0
654,0.0
655,0.0
656,0.0
657,0.0
658,0.0
659,7.41
660,48.49
661,134.12
662,5.42
663,89.9
664,0.0
665,0.0
666,0.0
667,0.0
668,0.0
669,0.0
670,0.0
671,0.0
672,0.0
673,0.0
674,0.0
675,0.0
676,0.0
677,0.0
678,0.0
679,0.0
680,76.5
681,24.52
682,5.24
683,195.83
684,345.85
685,385.87
686,32.08
687,57.4
688,0.0
689,0.0
690,0.0
691,0.0
692,0.0
693,0.0
694,0.0
695,0.0
696,0.0
697,0.0
698,0.0
699,0.0
700,0.0
701,0.0
702,0.0
703,0.0
704,18.55
705,27.18
706,227.94
707,358.83
708,728.01
709,184.84
710,36.92
711,3.3
712,0.0
713,0.0
714,0.0
715,0.0
716,0.0
717,0.0
718,0.0
719,0.0
720,0.0
721,0.0
722,0.0
723,0.0
724,0.0
725,0.0
726,0.0
727,0.0
728,0.0
729,0.0
730,2.56
731,0.0
732,0.0
733,0.0
734,33.82
735,206.3
736,0.0
737,0.0
738,0.0
739,0.0
740,0.0
741,0.0
742,0.0
743,0.0
744,0.0
745,0.0
746,0.0
747,0.0
748,0.0
749,0.0
750,0.0
751,0.0
752,17.46
753,257.85
754,217.9
755,632.62
756,665.28
757,390.53
758,533.79
759,340.33
760,0.0
761,0.0
762,0.0
763,0.0
764,0.0
765,0.0
766,0.0
767,0.0
768,0.0
769,0.0
770,0.0
771,0.0
772,0.0
773,0.0
774,0.0
775,0.0
776,122.85
777,522.4
778,646.46
779,2.36
780,127.16
781,124.88
782,119.0
783,141.76
784,0.0
785,0.0
786,0.0
787,0.0
788,0.0
789,0.0
790,0.0
791,0.0
792,0.0
793,0.0
794,0.0
795,0.0
796,0.0
797,0.0
798,0.0
799,0.0
800,127.5
801,36.96
802,22.3
803,7.0
804,0.0
805,0.0
806,92.43
807,0.0
808,0.0
809,0.0
810,0.0
811,0.0
812,0.0
813,0.0
814,0.0
815,0.0
816,0.0
817,0.0
818,0.0
819,0.0
820,0.0
821,0.0
822,0.0
823,0.0
824,0.0
825,0.0
826,0.0
827,0.0
828,0.0
829,0.0
830,0.0
831,0.0
832,0.0
833,0.0
834,0.0
835,0.0
836,0.0
837,0.0
838,0.0
839,0.0
840,0.0
841,0.0
842,0.0
843,0.0
844,0.0
845,0.0
846,0.0
847,0.0
848,38.81
849,13.79
850,2.42
851,265.32
852,379.64
853,321.88
854,630.03
855,361.07
856,5.88
857,0.0
858,0.0
859,0.0
860,0.0
861,0.0
862,0.0
863,0.0
864,0.0
865,0.0
866,0.0
867,0.0
868,0.0
869,0.0
870,0.0
871,0.0
872,18.86
873,0.0
874,2.4
875,0.0
876,0.0
877,0.0
878,0.0
879,0.0
880,0.0
881,0.0
882,0.0
883,0.0
884,0.0
885,0.0
886,0.0
887,0.0
888,0.0
889,0.0
890,0.0
891,0.0
892,0.0
893,0.0
894,0.0
895,0.0
896,0.0
897,0.0
898,18.95
899,44.85
900,90.35
901,306.23
902,554.42
903,304.85
904,10.27
905,0.0
906,0.0
907,0.0
908,0.0
909,0.0
910,0.0
911,0.0
912,0.0
913,0.0
914,0.0
915,0.0
916,0.0
917,0.0
918,0.0
919,0.0
920,317.56
921,537.82
922,695.77
923,846.13
924,857.71
925,778.6
926,619.73
927,358.49
928,9.65
929,0.0
930,0.0
931,0.0
932,0.0
933,0.0
934,0.0
935,0.0
936,0.0
937,0.0
938,0.0
939,0.0
940,0.0
941,0.0
942,0.0
943,0.0
944,104.16
945,70.13
946,440.14
947,562.97
948,868.96
949,781.44
950,454.78
951,372.72
952,9.11
953,0.0
954,0.0
955,0.0
956,0.0
957,0.0
958,0.0
959,0.0
960,0.0
961,0.0
962,0.0
963,0.0
964,0.0
965,0.0
966,0.0
967,0.0
968,294.08
969,504.09
970,678.05
971,0.0
972,0.0
973,0.0
974,152.69
975,396.82
976,17.24
977,0.0
978,0.0
979,0.0
980,0.0
981,0.0
982,0.0
983,0.0
984,0.0
985,0.0
986,0.0
987,0.0
988,0.0
989,0.0
990,0.0
991,0.0
992,0.0
993,0.0
994,0.0
995,545.57
996,0.0
997,0.0
998,20.25
999,12.8
1000,0.0
1001,0.0
1002,0.0
1003,0.0
1004,0.0
1005,0.0
1006,0.0
1007,0.0
1008,0.0
1009,0.0
1010,0.0
1011,0.0
1012,0.0
1013,0.0
1014,0.0
1015,0.0
1016,44.91
1017,444.69
1018,490.58
1019,292.55
1020,388.57
1021,0.0
1022,175.52
1023,0.0
1024,144.1
1025,0.0
1026,0.0
1027,0.0
1028,0.0
1029,0.0
1030,0.0
1031,0.0
1032,0.0
1033,0.0
1034,0.0
1035,0.0
1036,0.0
1037,0.0
1038,0.0
1039,0.0
1040,362.69
1041,599.79
1042,766.51
1043,761.28
1044,376.56
1045,606.9
1046,662.58
1047,214.55
1048,115.19
1049,0.0
1050,0.0
1051,0.0
1052,0.0
1053,0.0
1054,0.0
1055,0.0
1056,0.0
1057,0.0
1058,0.0
1059,0.0
1060,0.0
1061,0.0
1062,0.0
1063,0.0
1064,0.0
1065,91.69
1066,19.72
1067,2.09
1068,129.83
1069,0.0
1070,0.0
1071,0.0
1072,0.0
1073,0.0
1074,0.0
1075,0.0
1076,0.0
1077,0.0
1078,0.0
1079,0.0
1080,0.0
1081,0.0
1082,0.0
1083,0.0
1084,0.0
1085,0.0
1086,0.0
1087,0.0
1088,80.31
1089,54.7
1090,439.88
1091,379.53
1092,402.14
1093,625.47
1094,631.33
1095,316.23
1096,132.73
1097,0.0
1098,0.0
1099,0.0
1100,0.0
1101,0.0
1102,0.0
1103,0.0
1104,0.0
1105,0.0
1106,0.0
1107,0.0
1108,0.0
1109,0.0
1110,0.0
1111,0.0
1112,162.58
1113,264.91
1114,182.17
1115,145.83
1116,602.6
1117,366.6
1118,219.85
1119,147.14
1120,26.13
1121,0.0
1122,0.0
1123,0.0
1124,0.0
1125,0.0
1126,0.0
1127,0.0
1128,0.0
1129,0.0
1130,0.0
1131,0.0
1132,0.0
1133,0.0
1134,0.0
1135,0.0
1136,76.54
1137,34.67
1138,135.68
1139,600.13
1140,745.21
1141,582.69
1142,465.71
1143,87.21
1144,12.56
1145,0.0
1146,0.0
1147,0.0
1148,0.0
1149,0.0
1150,0.0
1151,0.0
1152,0.0
1153,0.0
1154,0.0
1155,0.0
1156,0.0
1157,0.0
1158,0.0
1159,0.0
1160,166.15
1161,613.0
1162,601.84
1163,0.0
1164,0.0
1165,802.43
1166,612.8
1167,327.05
1168,84.64
1169,0.0
1170,0.0
1171,0.0
1172,0.0
1173,0.0
1174,0.0
1175,0.0
1176,0.0
1177,0.0
1178,0.0
1179,0.0
1180,0.0
1181,0.0
1182,0.0
1183,0.0
1184,51.42
1185,69.66
1186,607.82
1187,768.38
1188,296.9
1189,0.0
1190,0.0
1191,2.22
1192,23.31
1193,0.0
1194,0.0
1195,0.0
1196,0.0
1197,0.0
1198,0.0
1199,0.0
1200,0.0
1201,0.0
1202,0.0
1203,0.0
1204,0.0
1205,0.0
1206,0.0
1207,0.0
1208,206.36
1209,197.25
1210,0.0
1211,0.0
1212,0.0
1213,1.96
1214,0.0
1215,0.0
1216,11.25
1217,0.0
1218,0.0
1219,0.0
1220,0.0
1221,0.0
1222,0.0
1223,0.0
1224,0.0
1225,0.0
1226,0.0
1227,0.0
1228,0.0
1229,0.0
1230,0.0
1231,0.0
1232,0.0
1233,0.0
1234,0.0
1235,0.0
1236,0.0
1237,50.38
1238,0.0
1239,0.0
1240,8.16
1241,0.0
1242,0.0
1243,0.0
1244,0.0
1245,0.0
1246,0.0
1247,0.0
1248,0.0
1249,0.0
1250,0.0
1251,0.0
1252,0.0
1253,0.0
1254,0.0
1255,18.54
1256,367.14
1257,614.64
1258,801.66
1259,32.98
1260,28.69
1261,322.34
1262,460.53
1263,217.32
1264,26.31
1265,0.0
1266,0.0
1267,0.0
1268,0.0
1269,0.0
1270,0.0
1271,0.0
1272,0.0
1273,0.0
1274,0.0
1275,0.0
1276,0.0
1277,0.0
1278,0.0
1279,0.0
1280,0.0
1281,0.0
1282,0.0
1283,0.0
1284,0.0
1285,1.9
1286,0.0
1287,0.0
1288,2.55
1289,0.0
1290,0.0
1291,0.0
1292,0.0
1293,0.0
1294,0.0
1295,0.0
1296,0.0
1297,0.0
1298,0.0
1299,0.0
1300,0.0
1301,0.0
1302,0.0
1303,0.0
1304,157.76
1305,56.69
1306,0.0
1307,0.0
1308,0.0
1309,0.0
1310,0.0
1311,4.09
1312,187.78
1313,0.0
1314,0.0
1315,0.0
1316,0.0
1317,0.0
1318,0.0
1319,0.0
1320,0.0
1321,0.0
1322,0.0
1323,0.0
1324,0.0
1325,0.0
1326,0.0
1327,0.0
1328,2.38
1329,62.17
1330,93.47
1331,109.44
1332,22.34
1333,7.46
1334,0.0
1335,0.0
1336,2.4
1337,0.0
1338,0.0
1339,0.0
1340,0.0
1341,0.0
1342,0.0
1343,0.0
1344,0.0
1345,0.0
1346,0.0
1347,0.0
1348,0.0
1349,0.0
1350,0.0
1351,0.0
1352,0.0
1353,0.0
1354,0.0
1355,71.05
1356,46.12
1357,11.08
1358,357.26
1359,29.72
1360,0.0
1361,0.0
1362,0.0
1363,0.0
1364,0.0
1365,0.0
1366,0.0
1367,0.0
1368,0.0
1369,0.0
1370,0.0
1371,0.0
1372,0.0
1373,0.0
1374,0.0
1375,24.09
1376,31.99
1377,145.4
1378,78.22
1379,107.46
1380,0.0
1381,0.0
1382,0.0
1383,302.42
1384,192.44
1385,0.0
1386,0.0
1387,0.0
1388,0.0
1389,0.0
1390,0.0
1391,0.0
1392,0.0
1393,0.0
1394,0.0
1395,0.0
1396,0.0
1397,0.0
1398,0.0
1399,0.0
1400,0.0
1401,41.87
1402,5.67
1403,99.15
1404,87.0
1405,110.52
1406,93.79
1407,15.38
1408,154.18
1409,0.0
1410,0.0
1411,0.0
1412,0.0
1413,0.0
1414,0.0
1415,0.0
1416,0.0
1417,0.0
1418,0.0
1419,0.0
1420,0.0
1421,0.0
1422,0.0
1423,6.55
1424,73.95
1425,87.74
1426,156.76
1427,381.93
1428,261.01
1429,12.68
1430,18.39
1431,30.75
1432,33.04
1433,0.0
1434,0.0
1435,0.0
1436,0.0
1437,0.0
1438,0.0
1439,0.0
1440,0.0
1441,0.0
1442,0.0
1443,0.0
1444,0.0
1445,0.0
1446,0.0
1447,12.49
1448,2.2
1449,230.39
1450,0.0
1451,857.14
1452,100.62
1453,26.92
1454,38.2
1455,0.0
1456,8.58
1457,0.0
1458,0.0
1459,0.0
1460,0.0
1461,0.0
1462,0.0
1463,0.0
1464,0.0
1465,0.0
1466,0.0
1467,0.0
1468,0.0
1469,0.0
1470,0.0
1471,0.0
1472,2.16
1473,1.94
1474,1.85
1475,5.41
1476,0.0
1477,0.0
1478,0.0
1479,5.6
1480,6.27
1481,0.0
1482,0.0
1483,0.0
1484,0.0
1485,0.0
1486,0.0
1487,0.0
1488,0.0
1489,0.0
1490,0.0
1491,0.0
1492,0.0
1493,0.0
1494,0.0
1495,0.0
1496,0.0
1497,36.5
1498,190.66
1499,0.0
1500,0.0
1501,0.0
1502,44.51
1503,11.04
1504,6.11
1505,0.0
1506,0.0
1507,0.0
1508,0.0
1509,0.0
1510,0.0
1511,0.0
1512,0.0
1513,0.0
1514,0.0
1515,0.0
1516,0.0
1517,0.0
1518,0.0
1519,0.0
1520,22.9
1521,53.15
1522,32.68
1523,12.41
1524,3.5
1525,10.48
1526,0.0
1527,1.81
1528,0.0
1529,0.0
1530,0.0
1531,0.0
1532,0.0
1533,0.0
1534,0.0
1535,0.0
1536,0.0
1537,0.0
1538,0.0
1539,0.0
1540,0.0
1541,0.0
1542,0.0
1543,179.42
1544,409.06
1545,630.21
1546,782.19
1547,904.9
1548,703.13
1549,335.74
1550,561.24
1551,454.23
1552,176.43
1553,0.0
1554,0.0
1555,0.0
1556,0.0
1557,0.0
1558,0.0
1559,0.0
1560,0.0
1561,0.0
1562,0.0
1563,0.0
1564,0.0
1565,0.0
1566,0.0
1567,0.0
1568,0.0
1569,0.0
1570,26.72
1571,0.0
1572,1.72
1573,8.58
1574,3.45
1575,0.0
1576,0.0
1577,0.0
1578,0.0
1579,0.0
1580,0.0
1581,0.0
1582,0.0
1583,0.0
1584,0.0
1585,0.0
1586,0.0
1587,0.0
1588,0.0
1589,0.0
1590,0.0
1591,34.33
1592,1.98
1593,45.81
1594,10.59
1595,0.0
1596,174.14
1597,0.0
1598,0.0
1599,0.0
1600,0.0
1601,0.0
1602,0.0
1603,0.0
1604,0.0
1605,0.0
1606,0.0
1607,0.0
1608,0.0
1609,0.0
1610,0.0
1611,0.0
1612,0.0
1613,0.0
1614,0.0
1615,11.85
1616,31.11
1617,38.04
1618,73.41
1619,8.56
1620,0.0
1621,0.0
1622,0.0
1623,5.15
1624,10.85
1625,0.0
1626,0.0
1627,0.0
1628,0.0
1629,0.0
1630,0.0
1631,0.0
1632,0.0
1633,0.0
1634,0.0
1635,0.0
1636,0.0
1637,0.0
1638,0.0
1639,176.51
1640,405.6
1641,612.51
1642,784.51
1643,825.45
1644,937.04
1645,786.8
1646,694.18
1647,414.92
1648,104.35
1649,4.78
1650,0.0
1651,0.0
1652,0.0
1653,0.0
1654,0.0
1655,0.0
1656,0.0
1657,0.0
1658,0.0
1659,0.0
1660,0.0
1661,0.0
1662,0.0
1663,79.95
1664,22.6
1665,35.42
1666,722.44
1667,731.04
1668,354.78
1669,473.64
1670,513.36
1671,364.36
1672,190.35
1673,2.2
1674,0.0
1675,0.0
1676,0.0
1677,0.0
1678,0.0
1679,0.0
1680,0.0
1681,0.0
1682,0.0
1683,0.0
1684,0.0
1685,0.0
1686,0.0
1687,23.7
1688,0.0
1689,0.0
1690,0.0
1691,0.0
1692,6.61
1693,87.02
1694,111.49
1695,392.64
1696,194.8
1697,4.07
1698,0.0
1699,0.0
1700,0.0
1701,0.0
1702,0.0
1703,0.0
1704,0.0
1705,0.0
1706,0.0
1707,0.0
1708,0.0
1709,0.0
1710,0.0
1711,14.64
1712,164.33
1713,577.01
1714,10.11
1715,0.0
1716,149.15
1717,0.0
1718,513.04
1719,1.63
1720,0.0
1721,1.89
1722,0.0
1723,0.0
1724,0.0
1725,0.0
1726,0.0
1727,0.0
1728,0.0
1729,0.0
1730,0.0
1731,0.0
1732,0.0
1733,0.0
1734,0.0
1735,24.41
1736,203.27
1737,168.0
1738,43.43
1739,0.0
1740,0.0
1741,805.56
1742,440.53
1743,389.15
1744,208.02
1745,7.08
1746,0.0
1747,0.0
1748,0.0
1749,0.0
1750,0.0
1751,0.0
1752,0.0
1753,0.0
1754,0.0
1755,0.0
1756,0.0
1757,0.0
1758,0.0
1759,227.64
1760,92.18
1761,81.42
1762,162.28
1763,122.3
1764,314.6
1765,224.13
1766,199.04
1767,149.27
1768,202.28
1769,3.32
1770,0.0
1771,0.0
1772,0.0
1773,0.0
1774,0.0
1775,0.0
1776,0.0
1777,0.0
1778,0.0
1779,0.0
1780,0.0
1781,0.0
1782,0.0
1783,223.68
1784,473.54
1785,666.44
1786,809.32
1787,894.64
1788,880.43
1789,803.37
1790,747.56
1791,459.53
1792,243.61
1793,7.81
1794,0.0
1795,0.0
1796,0.0
1797,0.0
1798,0.0
1799,0.0
1800,0.0
1801,0.0
1802,0.0
1803,0.0
1804,0.0
1805,0.0
1806,0.0
1807,208.7
1808,394.56
1809,624.74
1810,690.1
1811,462.29
1812,290.69
1813,422.02
1814,143.73
1815,308.3
1816,231.27
1817,42.82
1818,0.0
1819,0.0
1820,0.0
1821,0.0
1822,0.0
1823,0.0
1824,0.0
1825,0.0
1826,0.0
1827,0.0
1828,0.0
1829,0.0
1830,0.0
1831,181.65
1832,406.15
1833,587.19
1834,731.08
1835,823.45
1836,825.99
1837,809.09
1838,690.24
1839,428.56
1840,208.87
1841,27.97
1842,0.0
1843,0.0
1844,0.0
1845,0.0
1846,0.0
1847,0.0
1848,0.0
1849,0.0
1850,0.0
1851,0.0
1852,0.0
1853,0.0
1854,0.0
1855,107.53
1856,323.57
1857,511.34
1858,700.97
1859,804.5
1860,805.66
1861,774.7
1862,663.92
1863,409.84
1864,203.52
1865,23.91
1866,0.0
1867,0.0
1868,0.0
1869,0.0
1870,0.0
1871,0.0
1872,0.0
1873,0.0
1874,0.0
1875,0.0
1876,0.0
1877,0.0
1878,0.0
1879,155.91
1880,383.83
1881,564.38
1882,714.23
1883,759.18
1884,718.88
1885,691.67
1886,540.85
1887,257.06
1888,85.42
1889,30.34
1890,0.0
1891,0.0
1892,0.0
1893,0.0
1894,0.0
1895,0.0
1896,0.0
1897,0.0
1898,0.0
1899,0.0
1900,0.0
1901,0.0
1902,0.0
1903,0.0
1904,0.0
1905,19.16
1906,3.15
1907,4.67
1908,33.9
1909,0.0
1910,21.08
1911,1.48
1912,61.14
1913,31.35
1914,0.0
1915,0.0
1916,0.0
1917,0.0
1918,0.0
1919,0.0
1920,0.0
1921,0.0
1922,0.0
1923,0.0
1924,0.0
1925,0.0
1926,0.0
1927,0.0
1928,0.0
1929,3.16
1930,0.0
1931,0.0
1932,0.0
1933,0.0
1934,0.0
1935,1.46
1936,1.4
1937,0.0
1938,0.0
1939,0.0
1940,0.0
1941,0.0
1942,0.0
1943,0.0
1944,0.0
1945,0.0
1946,0.0
1947,0.0
1948,0.0
1949,0.0
1950,0.0
1951,241.57
1952,19.11
1953,26.64
1954,692.45
1955,0.0
1956,0.0
1957,3.0
1958,0.0
1959,25.98
1960,241.57
1961,59.54
1962,0.0
1963,0.0
1964,0.0
1965,0.0
1966,0.0
1967,0.0
1968,0.0
1969,0.0
1970,0.0
1971,0.0
1972,0.0
1973,0.0
1974,0.0
1975,162.7
1976,331.89
1977,330.67
1978,230.54
1979,578.62
1980,290.98
1981,8.94
1982,209.58
1983,0.0
1984,9.44
1985,30.65
1986,0.0
1987,0.0
1988,0.0
1989,0.0
1990,0.0
1991,0.0
1992,0.0
1993,0.0
1994,0.0
1995,0.0
1996,0.0
1997,0.0
1998,6.71
1999,254.39
2000,491.12
2001,673.76
2002,838.72
2003,919.12
2004,868.19
2005,807.23
2006,659.57
2007,488.36
2008,258.65
2009,54.8
2010,0.0
2011,0.0
2012,0.0
2013,0.0
2014,0.0
2015,0.0
2016,0.0
2017,0.0
2018,0.0
2019,0.0
2020,0.0
2021,0.0
2022,7.95
2023,254.32
2024,485.36
2025,676.86
2026,826.22
2027,921.57
2028,903.65
2029,870.11
2030,685.55
2031,498.35
2032,174.8
2033,30.24
2034,0.0
2035,0.0
2036,0.0
2037,0.0
2038,0.0
2039,0.0
2040,0.0
2041,0.0
2042,0.0
2043,0.0
2044,0.0
2045,0.0
2046,0.0
2047,50.25
2048,91.1
2049,370.19
2050,770.39
2051,843.53
2052,826.47
2053,566.52
2054,366.97
2055,113.22
2056,80.84
2057,21.6
2058,0.0
2059,0.0
2060,0.0
2061,0.0
2062,0.0
2063,0.0
2064,0.0
2065,0.0
2066,0.0
2067,0.0
2068,0.0
2069,0.0
2070,43.38
2071,219.94
2072,438.35
2073,648.54
2074,807.83
2075,868.72
2076,850.04
2077,847.12
2078,665.43
2079,472.62
2080,247.47
2081,49.77
2082,0.0
2083,0.0
2084,0.0
2085,0.0
2086,0.0
2087,0.0
2088,0.0
2089,0.0
2090,0.0
2091,0.0
2092,0.0
2093,0.0
2094,55.43
2095,229.45
2096,446.86
2097,623.66
2098,790.01
2099,881.83
2100,879.13
2101,859.58
2102,675.3
2103,470.3
2104,242.32
2105,41.04
2106,0.0
2107,0.0
2108,0.0
2109,0.0
2110,0.0
2111,0.0
2112,0.0
2113,0.0
2114,0.0
2115,0.0
2116,0.0
2117,0.0
2118,1.33
2119,1.45
2120,0.0
2121,4.42
2122,232.03
2123,378.05
2124,118.54
2125,384.65
2126,490.09
2127,76.22
2128,189.62
2129,10.96
2130,0.0
2131,0.0
2132,0.0
2133,0.0
2134,0.0
2135,0.0
2136,0.0
2137,0.0
2138,0.0
2139,0.0
2140,0.0
2141,0.0
2142,0.0
2143,96.79
2144,212.12
2145,448.23
2146,78.73
2147,160.93
2148,2.87
2149,42.43
2150,0.0
2151,0.0
2152,0.0
2153,52.98
2154,0.0
2155,0.0
2156,0.0
2157,0.0
2158,0.0
2159,0.0
2160,0.0
2161,0.0
2162,0.0
2163,0.0
2164,0.0
2165,0.0
2166,79.41
2167,149.94
2168,363.73
2169,651.61
2170,775.88
2171,1.44
2172,12.84
2173,9.83
2174,242.42
2175,0.0
2176,142.37
2177,63.1
2178,0.0
2179,0.0
2180,0.0
2181,0.0
2182,0.0
2183,0.0
2184,0.0
2185,0.0
2186,0.0
2187,0.0
2188,0.0
2189,0.0
2190,28.83
2191,220.82
2192,436.84
2193,629.09
2194,681.29
2195,851.2
2196,878.46
2197,872.96
2198,672.51
2199,468.07
2200,251.3
2201,52.71
2202,0.0
2203,0.0
2204,0.0
2205,0.0
2206,0.0
2207,0.0
2208,0.0
2209,0.0
2210,0.0
2211,0.0
2212,0.0
2213,0.0
2214,76.91
2215,277.4
2216,490.2
2217,665.39
2218,823.55
2219,865.54
2220,861.46
2221,825.35
2222,671.21
2223,467.24
2224,249.93
2225,56.28
2226,0.0
2227,0.0
2228,0.0
2229,0.0
2230,0.0
2231,0.0
2232,0.0
2233,0.0
2234,0.0
2235,0.0
2236,0.0
2237,0.0
2238,71.35
2239,250.65
2240,443.52
2241,603.61
2242,585.41
2243,278.18
2244,116.08
2245,66.01
2246,64.19
2247,115.66
2248,59.03
2249,22.99
2250,0.0
2251,0.0
2252,0.0
2253,0.0
2254,0.0
2255,0.0
2256,0.0
2257,0.0
2258,0.0
2259,0.0
2260,0.0
2261,0.0
2262,79.37
2263,264.34
2264,453.04
2265,625.57
2266,425.16
2267,484.05
2268,536.38
2269,702.08
2270,526.73
2271,444.26
2272,233.89
2273,54.4
2274,0.0
2275,0.0
2276,0.0
2277,0.0
2278,0.0
2279,0.0
2280,0.0
2281,0.0
2282,0.0
2283,0.0
2284,0.0
2285,0.0
2286,80.59
2287,285.53
2288,487.04
2289,669.51
2290,825.05
2291,881.11
2292,875.42
2293,853.37
2294,668.81
2295,457.43
2296,250.49
2297,57.6
2298,0.0
2299,0.0
2300,0.0
2301,0.0
2302,0.0
2303,0.0
2304,0.0
2305,0.0
2306,0.0
2307,0.0
2308,0.0
2309,0.0
2310,86.0
2311,294.62
2312,490.62
2313,672.76
2314,827.91
2315,885.31
2316,878.17
2317,855.76
2318,671.56
2319,467.89
2320,251.4
2321,53.37
2322,0.0
2323,0.0
2324,0.0
2325,0.0
2326,0.0
2327,0.0
2328,0.0
2329,0.0
2330,0.0
2331,0.0
2332,0.0
2333,0.0
2334,88.14
2335,292.1
2336,499.56
2337,682.85
2338,822.5
2339,861.95
2340,823.65
2341,819.33
2342,653.54
2343,465.93
2344,246.92
2345,57.7
2346,0.0
2347,0.0
2348,0.0
2349,0.0
2350,0.0
2351,0.0
2352,0.0
2353,0.0
2354,0.0
2355,0.0
2356,0.0
2357,0.0
2358,95.26
2359,312.26
2360,524.34
2361,688.75
2362,829.53
2363,900.48
2364,910.77
2365,871.18
2366,683.42
2367,478.57
2368,263.77
2369,53.69
2370,0.0
2371,0.0
2372,0.0
2373,0.0
2374,0.0
2375,0.0
2376,0.0
2377,0.0
2378,0.0
2379,0.0
2380,0.0
2381,0.0
2382,85.44
2383,289.86
2384,493.33
2385,683.79
2386,822.88
2387,893.69
2388,886.4
2389,832.52
2390,664.34
2391,464.58
2392,250.9
2393,49.27
2394,0.0
2395,0.0
2396,0.0
2397,0.0
2398,0.0
2399,0.0
2400,0.0
2401,0.0
2402,0.0
2403,0.0
2404,0.0
2405,0.0
2406,5.78
2407,302.32
2408,383.13
2409,556.84
2410,782.5
2411,818.06
2412,842.27
2413,804.9
2414,641.76
2415,448.48
2416,241.48
2417,51.6
2418,0.0
2419,0.0
2420,0.0
2421,0.0
2422,0.0
2423,0.0
2424,0.0
2425,0.0
2426,0.0
2427,0.0
2428,0.0
2429,0.0
2430,83.12
2431,277.03
2432,486.18
2433,672.86
2434,809.93
2435,877.77
2436,870.57
2437,801.13
2438,651.0
2439,445.66
2440,236.38
2441,60.18
2442,0.0
2443,0.0
2444,0.0
2445,0.0
2446,0.0
2447,0.0
2448,0.0
2449,0.0
2450,0.0
2451,0.0
2452,0.0
2453,0.0
2454,87.18
2455,282.26
2456,493.68
2457,682.79
2458,806.31
2459,874.0
2460,865.48
2461,825.96
2462,646.38
2463,451.08
2464,243.5
2465,54.8
2466,0.0
2467,0.0
2468,0.0
2469,0.0
2470,0.0
2471,0.0
2472,0.0
2473,0.0
2474,0.0
2475,0.0
2476,0.0
2477,0.0
2478,0.0
2479,40.21
2480,377.42
2481,641.36
2482,701.75
2483,384.0
2484,0.0
2485,1.29
2486,605.85
2487,0.0
2488,0.0
2489,0.0
2490,0.0
2491,0.0
2492,0.0
2493,0.0
2494,0.0
2495,0.0
2496,0.0
2497,0.0
2498,0.0
2499,0.0
2500,0.0
2501,0.0
2502,0.0
2503,72.54
2504,201.1
2505,283.29
2506,225.92
2507,216.68
2508,724.76
2509,595.59
2510,369.87
2511,0.0
2512,25.53
2513,7.55
2514,0.0
2515,0.0
2516,0.0
2517,0.0
2518,0.0
2519,0.0
2520,0.0
2521,0.0
2522,0.0
2523,0.0
2524,0.0
2525,0.0
2526,85.56
2527,171.32
2528,365.13
2529,344.97
2530,23.64
2531,545.23
2532,333.02
2533,308.1
2534,88.16
2535,35.3
2536,133.9
2537,22.17
2538,0.0
2539,0.0
2540,0.0
2541,0.0
2542,0.0
2543,0.0
2544,0.0
2545,0.0
2546,0.0
2547,0.0
2548,0.0
2549,0.0
2550,109.43
2551,310.47
2552,531.61
2553,702.23
2554,809.57
2555,735.59
2556,897.77
2557,811.25
2558,600.82
2559,381.73
2560,58.5
2561,8.27
2562,0.0
2563,0.0
2564,0.0
2565,0.0
2566,0.0
2567,0.0
2568,0.0
2569,0.0
2570,0.0
2571,0.0
2572,0.0
2573,0.0
2574,3.42
2575,237.03
2576,450.95
2577,606.85
2578,615.39
2579,310.56
2580,452.85
2581,571.22
2582,275.46
2583,304.67
2584,167.81
2585,23.27
2586,0.0
2587,0.0
2588,0.0
2589,0.0
2590,0.0
2591,0.0
2592,0.0
2593,0.0
2594,0.0
2595,0.0
2596,0.0
2597,0.0
2598,113.86
2599,321.15
2600,517.45
2601,706.09
2602,826.22
2603,876.27
2604,881.61
2605,783.07
2606,660.12
2607,462.21
2608,247.48
2609,60.98
2610,0.0
2611,0.0
2612,0.0
2613,0.0
2614,0.0
2615,0.0
2616,0.0
2617,0.0
2618,0.0
2619,0.0
2620,0.0
2621,0.0
2622,0.0
2623,0.0
2624,0.0
2625,26.55
2626,223.38
2627,7.71
2628,393.26
2629,28.61
2630,674.93
2631,464.05
2632,256.81
2633,60.77
2634,0.0
2635,0.0
2636,0.0
2637,0.0
2638,0.0
2639,0.0
2640,0.0
2641,0.0
2642,0.0
2643,0.0
2644,0.0
2645,0.0
2646,120.65
2647,319.47
2648,528.04
2649,703.73
2650,822.22
2651,902.86
2652,908.98
2653,836.07
2654,680.1
2655,477.91
2656,262.3
2657,61.53
2658,0.0
2659,0.0
2660,0.0
2661,0.0
2662,0.0
2663,0.0
2664,0.0
2665,0.0
2666,0.0
2667,0.0
2668,0.0
2669,0.0
2670,99.65
2671,290.33
2672,488.29
2673,688.27
2674,803.81
2675,849.86
2676,887.87
2677,816.68
2678,664.05
2679,474.23
2680,260.43
2681,62.28
2682,0.0
2683,0.0
2684,0.0
2685,0.0
2686,0.0
2687,0.0
2688,0.0
2689,0.0
2690,0.0
2691,0.0
2692,0.0
2693,0.0
2694,119.21
2695,327.73
2696,523.0
2697,695.39
2698,797.0
2699,727.81
2700,590.13
2701,577.35
2702,507.83
2703,396.33
2704,205.65
2705,60.72
2706,0.0
2707,0.0
2708,0.0
2709,0.0
2710,0.0
2711,0.0
2712,0.0
2713,0.0
2714,0.0
2715,0.0
2716,0.0
2717,0.0
2718,121.72
2719,316.26
2720,520.59
2721,692.58
2722,822.97
2723,870.25
2724,875.1
2725,805.4
2726,641.96
2727,450.04
2728,251.56
2729,59.23
2730,0.0
2731,0.0
2732,0.0
2733,0.0
2734,0.0
2735,0.0
2736,0.0
2737,0.0
2738,0.0
2739,0.0
2740,0.0
2741,0.0
2742,58.58
2743,184.93
2744,296.14
2745,643.21
2746,658.73
2747,837.12
2748,780.19
2749,338.84
2750,242.76
2751,371.4
2752,122.33
2753,30.68
2754,0.0
2755,0.0
2756,0.0
2757,0.0
2758,0.0
2759,0.0
2760,0.0
2761,0.0
2762,0.0
2763,0.0
2764,0.0
2765,0.0
2766,62.55
2767,29.51
2768,24.52
2769,397.91
2770,98.24
2771,0.0
2772,354.23
2773,239.56
2774,0.0
2775,0.0
2776,0.0
2777,55.14
2778,0.0
2779,0.0
2780,0.0
2781,0.0
2782,0.0
2783,0.0
2784,0.0
2785,0.0
2786,0.0
2787,0.0
2788,0.0
2789,0.0
2790,127.53
2791,329.21
2792,489.43
2793,184.5
2794,139.82
2795,24.82
2796,39.31
2797,0.0
2798,0.0
2799,48.12
2800,160.56
2801,7.76
2802,0.0
2803,0.0
2804,0.0
2805,0.0
2806,0.0
2807,0.0
2808,0.0
2809,0.0
2810,0.0
2811,0.0
2812,0.0
2813,0.0
2814,122.38
2815,310.99
2816,516.27
2817,574.65
2818,694.43
2819,570.67
2820,795.8
2821,804.29
2822,689.52
2823,459.16
2824,257.4
2825,63.67
2826,0.0
2827,0.0
2828,0.0
2829,0.0
2830,0.0
2831,0.0
2832,0.0
2833,0.0
2834,0.0
2835,0.0
2836,0.0
2837,0.0
2838,107.64
2839,302.36
2840,503.87
2841,679.64
2842,213.2
2843,280.32
2844,6.08
2845,582.13
2846,295.94
2847,337.38
2848,0.85
2849,15.06
2850,0.0
2851,0.0
2852,0.0
2853,0.0
2854,0.0
2855,0.0
2856,0.0
2857,0.0
2858,0.0
2859,0.0
2860,0.0
2861,0.0
2862,58.45
2863,255.11
2864,433.62
2865,597.23
2866,708.48
2867,762.45
2868,326.99
2869,188.76
2870,263.98
2871,0.0
2872,0.0
2873,0.0
2874,0.0
2875,0.0
2876,0.0
2877,0.0
2878,0.0
2879,0.0
2880,0.0
2881,0.0
2882,0.0
2883,0.0
2884,0.0
2885,0.0
2886,0.0
2887,13.16
2888,30.54
2889,30.9
2890,150.5
2891,417.89
2892,348.41
2893,210.16
2894,376.5
2895,317.67
2896,198.15
2897,52.13
2898,0.0
2899,0.0
2900,0.0
2901,0.0
2902,0.0
2903,0.0
2904,0.0
2905,0.0
2906,0.0
2907,0.0
2908,0.0
2909,0.0
2910,0.73
2911,3.02
2912,0.0
2913,26.01
2914,0.0
2915,0.0
2916,6.0
2917,0.0
2918,0.0
2919,0.0
2920,13.21
2921,0.0
2922,0.0
2923,0.0
2924,0.0
2925,0.0
2926,0.0
2927,0.0
2928,0.0
2929,0.0
2930,0.0
2931,0.0
2932,0.0
2933,0.0
2934,0.0
2935,4.99
2936,0.0
2937,27.06
2938,28.86
2939,332.1
2940,640.47
2941,636.2
2942,646.69
2943,375.98
2944,2.46
2945,27.42
2946,0.0
2947,0.0
2948,0.0
2949,0.0
2950,0.0
2951,0.0
2952,0.0
2953,0.0
2954,0.0
2955,0.0
2956,0.0
2957,0.0
2958,0.71
2959,0.0
2960,0.0
2961,8.19
2962,51.48
2963,0.0
2964,0.0
2965,0.0
2966,0.0
2967,53.95
2968,12.99
2969,39.67
2970,0.0
2971,0.0
2972,0.0
2973,0.0
2974,0.0
2975,0.0
2976,0.0
2977,0.0
2978,0.0
2979,0.0
2980,0.0
2981,0.0
2982,80.41
2983,286.25
2984,169.11
2985,330.84
2986,54.83
2987,89.81
2988,432.42
2989,690.38
2990,340.32
2991,60.58
2992,273.17
2993,14.76
2994,0.0
2995,0.0
2996,0.0
2997,0.0
2998,0.0
2999,0.0
3000,0.0
3001,0.0
3002,0.0
3003,0.0
3004,0.0
3005,0.0
3006,0.0
3007,0.0
3008,0.0
3009,0.0
3010,1.19
3011,156.21
3012,0.0
3013,0.0
3014,0.0
3015,46.4
3016,66.37
3017,58.06
3018,0.0
3019,0.0
3020,0.0
3021,0.0
3022,0.0
3023,0.0
3024,0.0
3025,0.0
3026,0.0
3027,0.0
3028,0.0
3029,0.0
3030,0.0
3031,0.0
3032,0.0
3033,0.0
3034,0.0
3035,0.0
3036,0.0
3037,0.0
3038,0.0
3039,0.0
3040,0.0
3041,0.0
3042,0.0
3043,0.0
3044,0.0
3045,0.0
3046,0.0
3047,0.0
3048,0.0
3049,0.0
3050,0.0
3051,0.0
3052,0.0
3053,0.0
3054,84.52
3055,272.8
3056,381.71
3057,94.2
3058,0.0
3059,74.52
3060,5.85
3061,0.0
3062,145.6
3063,53.69
3064,43.34
3065,34.7
3066,0.0
3067,0.0
3068,0.0
3069,0.0
3070,0.0
3071,0.0
3072,0.0
3073,0.0
3074,0.0
3075,0.0
3076,0.0
3077,0.0
3078,105.62
3079,299.78
3080,302.92
3081,537.52
3082,807.59
3083,913.17
3084,916.2
3085,867.85
3086,674.18
3087,493.16
3088,183.12
3089,38.13
3090,0.0
3091,0.0
3092,0.0
3093,0.0
3094,0.0
3095,0.0
3096,0.0
3097,0.0
3098,0.0
3099,0.0
3100,0.0
3101,0.0
3102,114.22
3103,270.28
3104,288.46
3105,655.86
3106,802.03
3107,875.63
3108,894.1
3109,735.69
3110,498.01
3111,206.64
3112,124.37
3113,15.2
3114,0.0
3115,0.0
3116,0.0
3117,0.0
3118,0.0
3119,0.0
3120,0.0
3121,0.0
3122,0.0
3123,0.0
3124,0.0
3125,0.0
3126,0.0
3127,257.26
3128,489.43
3129,690.46
3130,111.64
3131,240.89
3132,588.81
3133,157.34
3134,217.05
3135,54.75
3136,33.2
3137,0.74
3138,0.0
3139,0.0
3140,0.0
3141,0.0
3142,0.0
3143,0.0
3144,0.0
3145,0.0
3146,0.0
3147,0.0
3148,0.0
3149,0.0
3150,132.37
3151,179.55
3152,351.69
3153,648.04
3154,749.5
3155,680.41
3156,495.59
3157,340.33
3158,0.0
3159,0.0
3160,0.0
3161,0.0
3162,0.0
3163,0.0
3164,0.0
3165,0.0
3166,0.0
3167,0.0
3168,0.0
3169,0.0
3170,0.0
3171,0.0
3172,0.0
3173,0.0
3174,0.0
3175,0.0
3176,5.3
3177,267.59
3178,330.07
3179,73.14
3180,236.57
3181,0.0
3182,2.11
3183,233.01
3184,103.72
3185,58.03
3186,0.0
3187,0.0
3188,0.0
3189,0.0
3190,0.0
3191,0.0
3192,0.0
3193,0.0
3194,0.0
3195,0.0
3196,0.0
3197,0.0
3198,143.45
3199,336.32
3200,247.03
3201,129.9
3202,11.5
3203,28.92
3204,2.29
3205,51.11
3206,60.94
3207,0.0
3208,0.0
3209,0.0
3210,0.0
3211,0.0
3212,0.0
3213,0.0
3214,0.0
3215,0.0
3216,0.0
3217,0.0
3218,0.0
3219,0.0
3220,0.0
3221,0.0
3222,0.0
3223,0.0
3224,0.0
3225,0.0
3226,0.0
3227,0.0
3228,0.0
3229,1.11
3230,31.39
3231,0.0
3232,0.0
3233,41.92
3234,0.0
3235,0.0
3236,0.0
3237,0.0
3238,0.0
3239,0.0
3240,0.0
3241,0.0
3242,0.0
3243,0.0
3244,0.0
3245,0.0
3246,0.0
3247,1.84
3248,0.0
3249,0.0
3250,0.0
3251,0.0
3252,0.0
3253,0.0
3254,0.0
3255,0.0
3256,17.99
3257,61.65
3258,0.0
3259,0.0
3260,0.0
3261,0.0
3262,0.0
3263,0.0
3264,0.0
3265,0.0
3266,0.0
3267,0.0
3268,0.0
3269,0.0
3270,129.44
3271,333.47
3272,523.89
3273,707.31
3274,845.37
3275,887.55
3276,857.57
3277,834.49
3278,669.82
3279,467.83
3280,264.73
3281,74.82
3282,0.0
3283,0.0
3284,0.0
3285,0.0
3286,0.0
3287,0.0
3288,0.0
3289,0.0
3290,0.0
3291,0.0
3292,0.0
3293,0.0
3294,35.0
3295,294.44
3296,482.24
3297,628.62
3298,669.05
3299,103.88
3300,823.21
3301,0.0
3302,0.0
3303,22.32
3304,226.29
3305,72.37
3306,0.0
3307,0.0
3308,0.0
3309,0.0
3310,0.0
3311,0.0
3312,0.0
3313,0.0
3314,0.0
3315,0.0
3316,0.0
3317,0.0
3318,119.43
3319,298.33
3320,507.08
3321,672.51
3322,747.12
3323,861.48
3324,864.56
3325,809.34
3326,638.19
3327,452.85
3328,255.46
3329,73.13
3330,0.0
3331,0.0
3332,0.0
3333,0.0
3334,0.0
3335,0.0
3336,0.0
3337,0.0
3338,0.0
3339,0.0
3340,0.0
3341,0.0
3342,130.54
3343,337.28
3344,513.24
3345,667.97
3346,815.73
3347,825.97
3348,797.98
3349,667.43
3350,274.33
3351,167.88
3352,171.23
3353,0.0
3354,0.0
3355,0.0
3356,0.0
3357,0.0
3358,0.0
3359,0.0
3360,0.0
3361,0.0
3362,0.0
3363,0.0
3364,0.0
3365,0.0
3366,102.24
3367,290.86
3368,244.84
3369,443.07
3370,304.39
3371,488.69
3372,329.0
3373,605.69
3374,504.85
3375,408.92
3376,193.88
3377,38.76
3378,0.0
3379,0.0
3380,0.0
3381,0.0
3382,0.0
3383,0.0
3384,0.0
3385,0.0
3386,0.0
3387,0.0
3388,0.0
3389,0.0
3390,0.0
3391,16.03
3392,330.63
3393,619.98
3394,862.27
3395,904.65
3396,908.3
3397,822.51
3398,661.44
3399,482.5
3400,271.73
3401,82.18
3402,0.0
3403,0.0
3404,0.0
3405,0.0
3406,0.0
3407,0.0
3408,0.0
3409,0.0
3410,0.0
3411,0.0
3412,0.0
3413,0.0
3414,84.3
3415,281.87
3416,495.1
3417,678.69
3418,781.59
3419,789.65
3420,620.93
3421,595.69
3422,208.6
3423,69.34
3424,131.32
3425,0.0
3426,0.0
3427,0.0
3428,0.0
3429,0.0
3430,0.0
3431,0.0
3432,0.0
3433,0.0
3434,0.0
3435,0.0
3436,0.0
3437,0.0
3438,1.22
3439,36.17
3440,188.4
3441,335.04
3442,229.36
3443,420.69
3444,67.7
3445,5.38
3446,0.0
3447,18.19
3448,0.72
3449,17.33
3450,0.0
3451,0.0
3452,0.0
3453,0.0
3454,0.0
3455,0.0
3456,0.0
3457,0.0
3458,0.0
3459,0.0
3460,0.0
3461,0.0
3462,0.0
3463,15.81
3464,259.38
3465,342.64
3466,4.44
3467,330.08
3468,0.0
3469,26.83
3470,0.0
3471,2.72
3472,245.56
3473,7.96
3474,0.0
3475,0.0
3476,0.0
3477,0.0
3478,0.0
3479,0.0
3480,0.0
3481,0.0
3482,0.0
3483,0.0
3484,0.0
3485,0.0
3486,0.0
3487,0.0
3488,0.0
3489,0.0
3490,8.86
3491,250.0
3492,98.27
3493,0.0
3494,113.99
3495,255.69
3496,27.99
3497,0.0
3498,0.0
3499,0.0
3500,0.0
3501,0.0
3502,0.0
3503,0.0
3504,0.0
3505,0.0
3506,0.0
3507,0.0
3508,0.0
3509,0.0
3510,0.0
3511,0.0
3512,0.0
3513,99.62
3514,305.95
3515,63.46
3516,29.74
3517,169.79
3518,342.07
3519,0.0
3520,0.0
3521,3.45
3522,0.0
3523,0.0
3524,0.0
3525,0.0
3526,0.0
3527,0.0
3528,0.0
3529,0.0
3530,0.0
3531,0.0
3532,0.0
3533,0.0
3534,0.0
3535,41.62
3536,175.84
3537,185.87
3538,70.51
3539,0.0
3540,64.84
3541,119.31
3542,196.69
3543,0.0
3544,0.0
3545,0.0
3546,0.0
3547,0.0
3548,0.0
3549,0.0
3550,0.0
3551,0.0
3552,0.0
3553,0.0
3554,0.0
3555,0.0
3556,0.0
3557,0.0
3558,129.32
3559,323.0
3560,461.12
3561,5.33
3562,0.0
3563,351.31
3564,142.54
3565,64.83
3566,110.12
3567,28.67
3568,1.42
3569,67.26
3570,0.0
3571,0.0
3572,0.0
3573,0.0
3574,0.0
3575,0.0
3576,0.0
3577,0.0
3578,0.0
3579,0.0
3580,0.0
3581,0.0
3582,0.0
3583,0.0
3584,0.99
3585,0.0
3586,297.17
3587,2.21
3588,0.0
3589,0.0
3590,126.84
3591,13.4
3592,197.85
3593,52.43
3594,0.0
3595,0.0
3596,0.0
3597,0.0
3598,0.0
3599,0.0
3600,0.0
3601,0.0
3602,0.0
3603,0.0
3604,0.0
3605,0.0
3606,0.0
3607,69.42
3608,0.99
3609,245.92
3610,0.0
3611,0.0
3612,0.0
3613,0.0
3614,0.0
3615,0.0
3616,0.0
3617,0.0
3618,0.0
3619,0.0
3620,0.0
3621,0.0
3622,0.0
3623,0.0
3624,0.0
3625,0.0
3626,0.0
3627,0.0
3628,0.0
3629,0.0
3630,0.0
3631,0.0
3632,0.0
3633,0.0
3634,0.0
3635,0.0
3636,0.0
3637,0.0
3638,0.0
3639,0.0
3640,0.0
3641,0.0
3642,0.0
3643,0.0
3644,0.0
3645,0.0
3646,0.0
3647,0.0
3648,0.0
3649,0.0
3650,0.0
3651,0.0
3652,0.0
3653,0.0
3654,17.4
3655,273.96
3656,427.25
3657,497.97
3658,485.94
3659,543.0
3660,321.97
3661,300.45
3662,306.67
3663,371.88
3664,211.27
3665,71.87
3666,0.0
3667,0.0
3668,0.0
3669,0.0
3670,0.0
3671,0.0
3672,0.0
3673,0.0
3674,0.0
3675,0.0
3676,0.0
3677,0.0
3678,0.58
3679,231.47
3680,29.46
3681,380.02
3682,71.77
3683,1.1
3684,440.83
3685,65.24
3686,222.88
3687,345.45
3688,111.76
3689,67.11
3690,0.0
3691,0.0
3692,0.0
3693,0.0
3694,0.0
3695,0.0
3696,0.0
3697,0.0
3698,0.0
3699,0.0
3700,0.0
3701,0.0
3702,132.05
3703,346.47
3704,502.42
3705,204.84
3706,96.6
3707,502.73
3708,0.0
3709,0.0
3710,362.9
3711,4.42
3712,37.19
3713,67.21
3714,0.0
3715,0.0
3716,0.0
3717,0.0
3718,0.0
3719,0.0
3720,0.0
3721,0.0
3722,0.0
3723,0.0
3724,0.0
3725,0.0
3726,26.28
3727,111.19
3728,496.31
3729,658.38
3730,664.17
3731,814.63
3732,774.88
3733,716.36
3734,589.36
3735,345.09
3736,138.0
3737,1.04
3738,0.0
3739,0.0
3740,0.0
3741,0.0
3742,0.0
3743,0.0
3744,0.0
3745,0.0
3746,0.0
3747,0.0
3748,0.0
3749,0.0
3750,61.39
3751,93.21
3752,0.0
3753,0.0
3754,0.0
3755,0.0
3756,0.0
3757,0.0
3758,0.0
3759,0.0
3760,0.0
3761,0.0
3762,0.0
3763,0.0
3764,0.0
3765,0.0
3766,0.0
3767,0.0
3768,0.0
3769,0.0
3770,0.0
3771,0.0
3772,0.0
3773,0.0
3774,140.85
3775,343.29
3776,515.47
3777,671.59
3778,819.67
3779,879.77
3780,853.56
3781,554.27
3782,438.0
3783,203.26
3784,246.63
3785,83.26
3786,0.0
3787,0.0
3788,0.0
3789,0.0
3790,0.0
3791,0.0
3792,0.0
3793,0.0
3794,0.0
3795,0.0
3796,0.0
3797,0.0
3798,0.0
3799,9.18
3800,304.75
3801,332.62
3802,584.45
3803,511.68
3804,516.2
3805,4.18
3806,324.38
3807,439.37
3808,13.96
3809,72.63
3810,0.0
3811,0.0
3812,0.0
3813,0.0
3814,0.0
3815,0.0
3816,0.0
3817,0.0
3818,0.0
3819,0.0
3820,0.0
3821,0.0
3822,0.0
3823,2.5
3824,0.97
3825,27.07
3826,0.0
3827,0.0
3828,0.0
3829,0.0
3830,0.0
3831,0.0
3832,0.0
3833,0.0
3834,0.0
3835,0.0
3836,0.0
3837,0.0
3838,0.0
3839,0.0
3840,0.0
3841,0.0
3842,0.0
3843,0.0
3844,0.0
3845,0.0
3846,0.0
3847,9.97
3848,0.0
3849,1.04
3850,0.0
3851,0.0
3852,0.0
3853,0.0
3854,0.0
3855,0.0
3856,0.0
3857,0.0
3858,0.0
3859,0.0
3860,0.0
3861,0.0
3862,0.0
3863,0.0
3864,0.0
3865,0.0
3866,0.0
3867,0.0
3868,0.0
3869,0.0
3870,0.0
3871,0.0
3872,0.0
3873,0.0
3874,0.0
3875,2.17
3876,5.37
3877,1.04
3878,22.53
3879,0.0
3880,0.0
3881,0.0
3882,0.0
3883,0.0
3884,0.0
3885,0.0
3886,0.0
3887,0.0
3888,0.0
3889,0.0
3890,0.0
3891,0.0
3892,0.0
3893,0.0
3894,0.55
3895,8.27
3896,125.26
3897,545.25
3898,589.02
3899,224.33
3900,555.82
3901,526.26
3902,79.29
3903,0.0
3904,0.0
3905,0.0
3906,0.0
3907,0.0
3908,0.0
3909,0.0
3910,0.0
3911,0.0
3912,0.0
3913,0.0
3914,0.0
3915,0.0
3916,0.0
3917,0.0
3918,0.0
3919,0.0
3920,0.0
3921,0.0
3922,0.0
3923,533.78
3924,745.12
3925,639.11
3926,589.81
3927,408.47
3928,233.82
3929,63.77
3930,0.0
3931,0.0
3932,0.0
3933,0.0
3934,0.0
3935,0.0
3936,0.0
3937,0.0
3938,0.0
3939,0.0
3940,0.0
3941,0.0
3942,97.12
3943,291.38
3944,468.82
3945,635.0
3946,735.64
3947,746.46
3948,812.05
3949,724.85
3950,533.7
3951,448.46
3952,249.11
3953,0.0
3954,0.0
3955,0.0
3956,0.0
3957,0.0
3958,0.0
3959,0.0
3960,0.0
3961,0.0
3962,0.0
3963,0.0
3964,0.0
3965,0.0
3966,0.0
3967,0.82
3968,0.0
3969,0.0
3970,0.0
3971,0.0
3972,0.0
3973,0.0
3974,0.0
3975,0.0
3976,2.09
3977,0.0
3978,0.0
3979,0.0
3980,0.0
3981,0.0
3982,0.0
3983,0.0
3984,0.0
3985,0.0
3986,0.0
3987,0.0
3988,0.0
3989,0.0
3990,0.0
3991,20.5
3992,131.29
3993,43.35
3994,25.66
3995,0.0
3996,66.34
3997,109.95
3998,23.44
3999,0.87
4000,43.85
4001,42.61
4002,0.0
4003,0.0
4004,0.0
4005,0.0
4006,0.0
4007,0.0
4008,0.0
4009,0.0
4010,0.0
4011,0.0
4012,0.0
4013,0.0
4014,0.0
4015,0.0
4016,0.0
4017,0.0
4018,0.0
4019,0.0
4020,0.0
4021,0.0
4022,0.0
4023,0.0
4024,0.0
4025,2.16
4026,0.0
4027,0.0
4028,0.0
4029,0.0
4030,0.0
4031,0.0
4032,0.0
4033,0.0
4034,0.0
4035,0.0
4036,0.0
4037,0.0
4038,0.0
4039,0.0
4040,0.0
4041,4.12
4042,8.54
4043,41.01
4044,140.05
4045,230.12
4046,94.67
4047,1.75
4048,90.56
4049,1.08
4050,0.0
4051,0.0
4052,0.0
4053,0.0
4054,0.0
4055,0.0
4056,0.0
4057,0.0
4058,0.0
4059,0.0
4060,0.0
4061,0.0
4062,0.0
4063,0.0
4064,0.0
4065,33.99
4066,176.12
4067,195.28
4068,149.63
4069,198.98
4070,0.0
4071,0.0
4072,0.0
4073,0.0
4074,0.0
4075,0.0
4076,0.0
4077,0.0
4078,0.0
4079,0.0
4080,0.0
4081,0.0
4082,0.0
4083,0.0
4084,0.0
4085,0.0
4086,0.0
4087,0.0
4088,0.95
4089,0.0
4090,0.0
4091,36.67
4092,81.21
4093,1.04
4094,0.0
4095,0.87
4096,0.0
4097,0.0
4098,0.0
4099,0.0
4100,0.0
4101,0.0
4102,0.0
4103,0.0
4104,0.0
4105,0.0
4106,0.0
4107,0.0
4108,0.0
4109,0.0
4110,0.0
4111,0.0
4112,0.0
4113,0.0
4114,0.0
4115,0.0
4116,1.07
4117,59.06
4118,0.0
4119,0.87
4120,111.03
4121,44.6
4122,0.0
4123,0.0
4124,0.0
4125,0.0
4126,0.0
4127,0.0
4128,0.0
4129,0.0
4130,0.0
4131,0.0
4132,0.0
4133,0.0
4134,0.0
4135,0.0
4136,0.0
4137,0.0
4138,0.0
4139,2.16
4140,139.97
4141,312.96
4142,189.37
4143,0.0
4144,0.0
4145,0.0
4146,0.0
4147,0.0
4148,0.0
4149,0.0
4150,0.0
4151,0.0
4152,0.0
4153,0.0
4154,0.0
4155,0.0
4156,0.0
4157,0.0
4158,0.0
4159,0.0
4160,0.0
4161,0.0
4162,0.0
4163,0.0
4164,0.0
4165,0.0
4166,0.0
4167,0.0
4168,0.0
4169,0.0
4170,0.0
4171,0.0
4172,0.0
4173,0.0
4174,0.0
4175,0.0
4176,0.0
4177,0.0
4178,0.0
4179,0.0
4180,0.0
4181,0.0
4182,0.0
4183,8.94
4184,61.97
4185,301.43
4186,390.37
4187,460.53
4188,280.02
4189,277.85
4190,48.84
4191,112.92
4192,243.88
4193,15.19
4194,0.0
4195,0.0
4196,0.0
4197,0.0
4198,0.0
4199,0.0
4200,0.0
4201,0.0
4202,0.0
4203,0.0
4204,0.0
4205,0.0
4206,0.0
4207,0.0
4208,0.0
4209,0.0
4210,48.0
4211,9.71
4212,2.14
4213,32.15
4214,41.05
4215,96.37
4216,3.51
4217,5.58
4218,0.0
4219,0.0
4220,0.0
4221,0.0
4222,0.0
4223,0.0
4224,0.0
4225,0.0
4226,0.0
4227,0.0
4228,0.0
4229,0.0
4230,46.58
4231,211.09
4232,93.43
4233,116.28
4234,282.76
4235,446.74
4236,606.39
4237,775.11
4238,300.24
4239,266.57
4240,61.86
4241,7.86
4242,0.0
4243,0.0
4244,0.0
4245,0.0
4246,0.0
4247,0.0
4248,0.0
4249,0.0
4250,0.0
4251,0.0
4252,0.0
4253,0.0
4254,5.28
4255,47.08
4256,279.37
4257,610.37
4258,751.43
4259,323.85
4260,0.0
4261,0.0
4262,0.0
4263,159.75
4264,187.31
4265,0.0
4266,0.0
4267,0.0
4268,0.0
4269,0.0
4270,0.0
4271,0.0
4272,0.0
4273,0.0
4274,0.0
4275,0.0
4276,0.0
4277,0.0
4278,33.22
4279,84.42
4280,175.49
4281,569.42
4282,200.76
4283,673.95
4284,601.66
4285,649.31
4286,18.61
4287,78.21
4288,228.58
4289,90.67
4290,0.0
4291,0.0
4292,0.0
4293,0.0
4294,0.0
4295,0.0
4296,0.0
4297,0.0
4298,0.0
4299,0.0
4300,0.0
4301,0.0
4302,0.0
4303,286.58
4304,443.68
4305,607.82
4306,708.37
4307,824.55
4308,819.52
4309,463.7
4310,608.82
4311,418.81
4312,248.82
4313,91.12
4314,0.0
4315,0.0
4316,0.0
4317,0.0
4318,0.0
4319,0.0
4320,0.0
4321,0.0
4322,0.0
4323,0.0
4324,0.0
4325,0.0
4326,52.59
4327,242.0
4328,407.65
4329,162.87
4330,481.1
4331,0.0
4332,305.54
4333,0.0
4334,0.0
4335,0.0
4336,0.0
4337,0.38
4338,0.0
4339,0.0
4340,0.0
4341,0.0
4342,0.0
4343,0.0
4344,0.0
4345,0.0
4346,0.0
4347,0.0
4348,0.0
4349,0.0
4350,113.46
4351,305.48
4352,489.12
4353,551.89
4354,748.93
4355,706.7
4356,583.69
4357,821.78
4358,280.01
4359,382.94
4360,277.58
4361,28.77
4362,0.0
4363,0.0
4364,0.0
4365,0.0
4366,0.0
4367,0.0
4368,0.0
4369,0.0
4370,0.0
4371,0.0
4372,0.0
4373,0.0
4374,108.63
4375,291.03
4376,468.48
4377,652.49
4378,747.42
4379,823.22
4380,818.35
4381,762.15
4382,621.7
4383,478.98
4384,285.34
4385,90.22
4386,0.0
4387,0.0
4388,0.0
4389,0.0
4390,0.0
4391,0.0
4392,0.0
4393,0.0
4394,0.0
4395,0.0
4396,0.0
4397,0.0
4398,0.0
4399,0.0
4400,0.0
4401,0.0
4402,513.39
4403,142.03
4404,390.24
4405,465.53
4406,536.83
4407,311.59
4408,14.98
4409,0.0
4410,0.0
4411,0.0
4412,0.0
4413,0.0
4414,0.0
4415,0.0
4416,0.0
4417,0.0
4418,0.0
4419,0.0
4420,0.0
4421,0.0
4422,0.0
4423,1.63
4424,48.86
4425,420.0
4426,541.82
4427,71.63
4428,59.19
4429,0.0
4430,0.0
4431,2.66
4432,0.0
4433,0.0
4434,0.0
4435,0.0
4436,0.0
4437,0.0
4438,0.0
4439,0.0
4440,0.0
4441,0.0
4442,0.0
4443,0.0
4444,0.0
4445,0.0
4446,77.03
4447,256.8
4448,421.05
4449,391.48
4450,465.1
4451,421.6
4452,590.48
4453,375.67
4454,552.24
4455,427.35
4456,255.99
4457,83.03
4458,0.0
4459,0.0
4460,0.0
4461,0.0
4462,0.0
4463,0.0
4464,0.0
4465,0.0
4466,0.0
4467,0.0
4468,0.0
4469,0.0
4470,99.04
4471,280.8
4472,471.55
4473,648.12
4474,743.13
4475,789.84
4476,815.65
4477,775.45
4478,644.16
4479,461.15
4480,285.46
4481,88.99
4482,0.0
4483,0.0
4484,0.0
4485,0.0
4486,0.0
4487,0.0
4488,0.0
4489,0.0
4490,0.0
4491,0.0
4492,0.0
4493,0.0
4494,22.02
4495,143.87
4496,460.7
4497,599.17
4498,687.05
4499,629.66
4500,741.15
4501,640.17
4502,574.89
4503,427.32
4504,0.0
4505,0.0
4506,0.0
4507,0.0
4508,0.0
4509,0.0
4510,0.0
4511,0.0
4512,0.0
4513,0.0
4514,0.0
4515,0.0
4516,0.0
4517,0.0
4518,0.0
4519,50.77
4520,237.94
4521,305.75
4522,290.09
4523,0.0
4524,8.66
4525,48.35
4526,1.99
4527,50.07
4528,117.17
4529,4.38
4530,0.0
4531,0.0
4532,0.0
4533,0.0
4534,0.0
4535,0.0
4536,0.0
4537,0.0
4538,0.0
4539,0.0
4540,0.0
4541,0.0
4542,0.0
4543,9.84
4544,441.96
4545,356.24
4546,345.62
4547,207.59
4548,139.79
4549,114.76
4550,0.0
4551,0.0
4552,0.0
4553,25.21
4554,0.0
4555,0.0
4556,0.0
4557,0.0
4558,0.0
4559,0.0
4560,0.0
4561,0.0
4562,0.0
4563,0.0
4564,0.0
4565,0.0
4566,0.0
4567,36.98
4568,32.87
4569,184.68
4570,521.43
4571,499.01
4572,552.48
4573,548.46
4574,244.22
4575,264.99
4576,7.28
4577,0.8
4578,0.0
4579,0.0
4580,0.0
4581,0.0
4582,0.0
4583,0.0
4584,0.0
4585,0.0
4586,0.0
4587,0.0
4588,0.0
4589,0.0
4590,32.09
4591,240.51
4592,455.28
4593,639.73
4594,693.55
4595,841.85
4596,599.1
4597,194.43
4598,593.35
4599,425.95
4600,274.57
4601,86.17
4602,0.0
4603,0.0
4604,0.0
4605,0.0
4606,0.0
4607,0.0
4608,0.0
4609,0.0
4610,0.0
4611,0.0
4612,0.0
4613,0.0
4614,0.0
4615,0.0
4616,0.0
4617,0.0
4618,0.0
4619,0.0
4620,0.0
4621,0.0
4622,0.0
4623,0.0
4624,0.0
4625,3.25
4626,0.0
4627,0.0
4628,0.0
4629,0.0
4630,0.0
4631,0.0
4632,0.0
4633,0.0
4634,0.0
4635,0.0
4636,0.0
4637,0.0
4638,10.56
4639,198.63
4640,184.86
4641,555.17
4642,69.61
4643,25.3
4644,0.0
4645,3.18
4646,0.0
4647,71.52
4648,0.0
4649,6.54
4650,0.0
4651,0.0
4652,0.0
4653,0.0
4654,0.0
4655,0.0
4656,0.0
4657,0.0
4658,0.0
4659,0.0
4660,0.0
4661,0.0
4662,0.0
4663,0.0
4664,16.58
4665,157.76
4666,225.61
4667,8.82
4668,0.0
4669,1.06
4670,0.0
4671,0.0
4672,0.0
4673,0.0
4674,0.0
4675,0.0
4676,0.0
4677,0.0
4678,0.0
4679,0.0
4680,0.0
4681,0.0
4682,0.0
4683,0.0
4684,0.0
4685,0.0
4686,100.73
4687,286.3
4688,475.18
4689,595.57
4690,589.78
4691,489.32
4692,499.67
4693,529.52
4694,497.01
4695,323.2
4696,268.86
4697,50.45
4698,0.0
4699,0.0
4700,0.0
4701,0.0
4702,0.0
4703,0.0
4704,0.0
4705,0.0
4706,0.0
4707,0.0
4708,0.0
4709,0.0
4710,80.8
4711,257.95
4712,384.29
4713,557.88
4714,678.65
4715,466.01
4716,574.32
4717,495.48
4718,447.73
4719,295.86
4720,167.28
4721,61.95
4722,0.0
4723,0.0
4724,0.0
4725,0.0
4726,0.0
4727,0.0
4728,0.0
4729,0.0
4730,0.0
4731,0.0
4732,0.0
4733,0.0
4734,7.46
4735,0.0
4736,0.0
4737,1.06
4738,1.1
4739,0.0
4740,0.0
4741,4.28
4742,0.0
4743,114.49
4744,30.6
4745,16.31
4746,0.0
4747,0.0
4748,0.0
4749,0.0
4750,0.0
4751,0.0
4752,0.0
4753,0.0
4754,0.0
4755,0.0
4756,0.0
4757,0.0
4758,3.74
4759,133.62
4760,397.34
4761,412.04
4762,152.86
4763,52.26
4764,33.09
4765,1.07
4766,0.0
4767,0.0
4768,0.75
4769,0.42
4770,0.0
4771,0.0
4772,0.0
4773,0.0
4774,0.0
4775,0.0
4776,0.0
4777,0.0
4778,0.0
4779,0.0
4780,0.0
4781,0.0
4782,13.42
4783,25.3
4784,128.57
4785,66.02
4786,101.43
4787,277.53
4788,234.42
4789,104.34
4790,0.0
4791,0.0
4792,60.19
4793,13.53
4794,0.0
4795,0.0
4796,0.0
4797,0.0
4798,0.0
4799,0.0
4800,0.0
4801,0.0
4802,0.0
4803,0.0
4804,0.0
4805,0.0
4806,38.27
4807,88.05
4808,334.36
4809,269.09
4810,0.0
4811,23.46
4812,686.18
4813,733.38
4814,587.55
4815,411.59
4816,150.35
4817,74.39
4818,0.0
4819,0.0
4820,0.0
4821,0.0
4822,0.0
4823,0.0
4824,0.0
4825,0.0
4826,0.0
4827,0.0
4828,0.0
4829,0.0
4830,72.55
4831,226.11
4832,370.32
4833,629.7
4834,727.01
4835,760.61
4836,773.51
4837,736.43
4838,579.04
4839,398.15
4840,228.38
4841,40.18
4842,0.0
4843,0.0
4844,0.0
4845,0.0
4846,0.0
4847,0.0
4848,0.0
4849,0.0
4850,0.0
4851,0.0
4852,0.0
4853,0.0
4854,0.0
4855,0.0
4856,0.0
4857,8.59
4858,0.0
4859,0.0
4860,65.74
4861,3.25
4862,29.81
4863,1.86
4864,204.99
4865,74.35
4866,0.0
4867,0.0
4868,0.0
4869,0.0
4870,0.0
4871,0.0
4872,0.0
4873,0.0
4874,0.0
4875,0.0
4876,0.0
4877,0.0
4878,1.09
4879,172.32
4880,435.1
4881,409.46
4882,599.59
4883,578.87
4884,488.28
4885,551.35
4886,468.15
4887,260.79
4888,247.24
4889,62.66
4890,0.0
4891,0.0
4892,0.0
4893,0.0
4894,0.0
4895,0.0
4896,0.0
4897,0.0
4898,0.0
4899,0.0
4900,0.0
4901,0.0
4902,45.06
4903,44.79
4904,14.09
4905,272.41
4906,499.64
4907,125.36
4908,2.24
4909,0.0
4910,0.0
4911,0.0
4912,234.52
4913,81.26
4914,0.0
4915,0.0
4916,0.0
4917,0.0
4918,0.0
4919,0.0
4920,0.0
4921,0.0
4922,0.0
4923,0.0
4924,0.0
4925,0.0
4926,81.25
4927,202.5
4928,435.4
4929,395.88
4930,398.01
4931,504.02
4932,642.76
4933,695.75
4934,426.57
4935,413.43
4936,160.67
4937,13.54
4938,0.0
4939,0.0
4940,0.0
4941,0.0
4942,0.0
4943,0.0
4944,0.0
4945,0.0
4946,0.0
4947,0.0
4948,0.0
4949,0.0
4950,25.58
4951,206.11
4952,381.36
4953,586.62
4954,704.03
4955,680.47
4956,91.29
4957,31.82
4958,539.44
4959,392.35
4960,135.04
4961,12.3
4962,0.0
4963,0.0
4964,0.0
4965,0.0
4966,0.0
4967,0.0
4968,0.0
4969,0.0
4970,0.0
4971,0.0
4972,0.0
4973,0.0
4974,83.39
4975,247.39
4976,453.22
4977,631.3
4978,663.42
4979,371.47
4980,694.1
4981,231.17
4982,160.93
4983,6.64
4984,0.0
4985,44.18
4986,0.0
4987,0.0
4988,0.0
4989,0.0
4990,0.0
4991,0.0
4992,0.0
4993,0.0
4994,0.0
4995,0.0
4996,0.0
4997,0.0
4998,7.89
4999,85.25
5000,157.51
5001,291.59
5002,689.38
5003,380.63
5004,336.79
5005,53.01
5006,558.94
5007,399.32
5008,222.57
5009,40.87
5010,0.0
5011,0.0
5012,0.0
5013,0.0
5014,0.0
5015,0.0
5016,0.0
5017,0.0
5018,0.0
5019,0.0
5020,0.0
5021,0.0
5022,86.83
5023,226.23
5024,449.98
5025,653.6
5026,716.7
5027,751.1
5028,764.47
5029,700.27
5030,592.54
5031,445.95
5032,252.82
5033,77.27
5034,0.0
5035,0.0
5036,0.0
5037,0.0
5038,0.0
5039,0.0
5040,0.0
5041,0.0
5042,0.0
5043,0.0
5044,0.0
5045,0.0
5046,0.57
5047,0.0
5048,187.83
5049,516.95
5050,563.05
5051,576.4
5052,552.4
5053,729.33
5054,539.8
5055,352.7
5056,156.74
5057,58.38
5058,0.0
5059,0.0
5060,0.0
5061,0.0
5062,0.0
5063,0.0
5064,0.0
5065,0.0
5066,0.0
5067,0.0
5068,0.0
5069,0.0
5070,81.28
5071,263.75
5072,400.22
5073,615.47
5074,671.43
5075,774.59
5076,772.96
5077,696.16
5078,622.42
5079,443.98
5080,262.59
5081,82.18
5082,0.0
5083,0.0
5084,0.0
5085,0.0
5086,0.0
5087,0.0
5088,0.0
5089,0.0
5090,0.0
5091,0.0
5092,0.0
5093,0.0
5094,0.0
5095,0.0
5096,0.0
5097,97.99
5098,513.16
5099,758.72
5100,818.12
5101,722.14
5102,610.99
5103,452.73
5104,267.98
5105,82.63
5106,0.0
5107,0.0
5108,0.0
5109,0.0
5110,0.0
5111,0.0
5112,0.0
5113,0.0
5114,0.0
5115,0.0
5116,0.0
5117,0.0
5118,94.99
5119,284.26
5120,455.44
5121,364.51
5122,269.64
5123,552.16
5124,539.63
5125,453.95
5126,438.14
5127,133.41
5128,197.04
5129,83.09
5130,0.0
5131,0.0
5132,0.0
5133,0.0
5134,0.0
5135,0.0
5136,0.0
5137,0.0
5138,0.0
5139,0.0
5140,0.0
5141,0.0
5142,43.79
5143,259.69
5144,458.81
5145,616.47
5146,739.13
5147,788.64
5148,818.12
5149,694.72
5150,587.96
5151,427.51
5152,224.8
5153,18.82
5154,0.0
5155,0.0
5156,0.0
5157,0.0
5158,0.0
5159,0.0
5160,0.0
5161,0.0
5162,0.0
5163,0.0
5164,0.0
5165,0.0
5166,65.72
5167,218.33
5168,453.79
5169,515.4
5170,193.92
5171,642.84
5172,0.0
5173,1.13
5174,1.08
5175,0.0
5176,0.0
5177,0.0
5178,0.0
5179,0.0
5180,0.0
5181,0.0
5182,0.0
5183,0.0
5184,0.0
5185,0.0
5186,0.0
5187,0.0
5188,0.0
5189,0.0
5190,0.0
5191,0.0
5192,0.0
5193,0.0
5194,0.0
5195,41.14
5196,143.38
5197,381.83
5198,195.81
5199,0.99
5200,0.0
5201,0.0
5202,0.0
5203,0.0
5204,0.0
5205,0.0
5206,0.0
5207,0.0
5208,0.0
5209,0.0
5210,0.0
5211,0.0
5212,0.0
5213,0.0
5214,0.0
5215,0.0
5216,0.0
5217,1.14
5218,44.48
5219,0.0
5220,0.0
5221,0.0
5222,0.0
5223,0.0
5224,9.05
5225,0.93
5226,0.0
5227,0.0
5228,0.0
5229,0.0
5230,0.0
5231,0.0
5232,0.0
5233,0.0
5234,0.0
5235,0.0
5236,0.0
5237,0.0
5238,0.0
5239,0.0
5240,0.0
5241,2.29
5242,2.35
5243,27.24
5244,124.51
5245,505.12
5246,567.38
5247,432.81
5248,247.38
5249,68.98
5250,0.0
5251,0.0
5252,0.0
5253,0.0
5254,0.0
5255,0.0
5256,0.0
5257,0.0
5258,0.0
5259,0.0
5260,0.0
5261,0.0
5262,46.76
5263,200.16
5264,407.68
5265,593.91
5266,712.99
5267,791.97
5268,804.23
5269,611.83
5270,564.41
5271,440.0
5272,242.2
5273,60.39
5274,0.0
5275,0.0
5276,0.0
5277,0.0
5278,0.0
5279,0.0
5280,0.0
5281,0.0
5282,0.0
5283,0.0
5284,0.0
5285,0.0
5286,65.6
5287,241.67
5288,448.14
5289,616.42
5290,727.92
5291,791.6
5292,595.52
5293,643.23
5294,432.64
5295,287.11
5296,245.35
5297,67.85
5298,0.0
5299,0.0
5300,0.0
5301,0.0
5302,0.0
5303,0.0
5304,0.0
5305,0.0
5306,0.0
5307,0.0
5308,0.0
5309,0.0
5310,53.63
5311,202.35
5312,407.05
5313,561.47
5314,688.26
5315,587.46
5316,706.12
5317,657.53
5318,575.06
5319,46.58
5320,224.97
5321,70.13
5322,0.0
5323,0.0
5324,0.0
5325,0.0
5326,0.0
5327,0.0
5328,0.0
5329,0.0
5330,0.0
5331,0.0
5332,0.0
5333,0.0
5334,56.24
5335,219.46
5336,451.37
5337,622.61
5338,694.93
5339,800.61
5340,798.57
5341,638.22
5342,547.74
5343,202.6
5344,134.82
5345,69.09
5346,0.0
5347,0.0
5348,0.0
5349,0.0
5350,0.0
5351,0.0
5352,0.0
5353,0.0
5354,0.0
5355,0.0
5356,0.0
5357,0.0
5358,33.4
5359,245.65
5360,243.7
5361,543.77
5362,706.5
5363,784.69
5364,752.78
5365,495.96
5366,146.23
5367,0.0
5368,1.71
5369,0.0
5370,0.0
5371,0.0
5372,0.0
5373,0.0
5374,0.0
5375,0.0
5376,0.0
5377,0.0
5378,0.0
5379,0.0
5380,0.0
5381,0.0
5382,53.77
5383,251.68
5384,465.98
5385,652.65
5386,767.72
5387,819.66
5388,833.05
5389,747.23
5390,640.47
5391,444.62
5392,267.15
5393,75.69
5394,0.0
5395,0.0
5396,0.0
5397,0.0
5398,0.0
5399,0.0
5400,0.0
5401,0.0
5402,0.0
5403,0.0
5404,0.0
5405,0.0
5406,73.36
5407,271.72
5408,461.14
5409,622.96
5410,734.95
5411,784.25
5412,796.77
5413,699.84
5414,367.45
5415,87.97
5416,233.48
5417,62.95
5418,0.0
5419,0.0
5420,0.0
5421,0.0
5422,0.0
5423,0.0
5424,0.0
5425,0.0
5426,0.0
5427,0.0
5428,0.0
5429,0.0
5430,57.35
5431,234.11
5432,435.95
5433,613.24
5434,722.63
5435,786.54
5436,797.86
5437,701.85
5438,566.38
5439,323.72
5440,228.11
5441,55.95
5442,0.0
5443,0.0
5444,0.0
5445,0.0
5446,0.0
5447,0.0
5448,0.0
5449,0.0
5450,0.0
5451,0.0
5452,0.0
5453,0.0
5454,65.13
5455,164.56
5456,428.65
5457,580.71
5458,504.51
5459,732.28
5460,729.47
5461,114.34
5462,590.87
5463,390.51
5464,257.75
5465,60.71
5466,0.0
5467,0.0
5468,0.0
5469,0.0
5470,0.0
5471,0.0
5472,0.0
5473,0.0
5474,0.0
5475,0.0
5476,0.0
5477,0.0
5478,36.58
5479,228.25
5480,398.38
5481,551.45
5482,676.82
5483,694.86
5484,344.34
5485,618.68
5486,139.61
5487,0.0
5488,0.0
5489,0.0
5490,0.0
5491,0.0
5492,0.0
5493,0.0
5494,0.0
5495,0.0
5496,0.0
5497,0.0
5498,0.0
5499,0.0
5500,0.0
5501,0.0
5502,27.16
5503,230.41
5504,427.67
5505,604.24
5506,701.24
5507,231.05
5508,405.02
5509,268.14
5510,0.0
5511,0.0
5512,0.0
5513,25.47
5514,0.0
5515,0.0
5516,0.0
5517,0.0
5518,0.0
5519,0.0
5520,0.0
5521,0.0
5522,0.0
5523,0.0
5524,0.0
5525,0.0
5526,0.0
5527,0.0
5528,0.0
5529,0.0
5530,2.49
5531,43.68
5532,48.24
5533,77.33
5534,0.0
5535,0.0
5536,0.9
5537,0.0
5538,0.0
5539,0.0
5540,0.0
5541,0.0
5542,0.0
5543,0.0
5544,0.0
5545,0.0
5546,0.0
5547,0.0
5548,0.0
5549,0.0
5550,0.0
5551,0.0
5552,0.0
5553,0.0
5554,0.0
5555,0.0
5556,0.0
5557,115.35
5558,168.58
5559,156.59
5560,19.86
5561,33.87
5562,0.0
5563,0.0
5564,0.0
5565,0.0
5566,0.0
5567,0.0
5568,0.0
5569,0.0
5570,0.0
5571,0.0
5572,0.0
5573,0.0
5574,39.81
5575,220.35
5576,416.95
5577,565.65
5578,682.02
5579,557.05
5580,154.84
5581,590.62
5582,429.02
5583,365.9
5584,204.64
5585,54.93
5586,0.0
5587,0.0
5588,0.0
5589,0.0
5590,0.0
5591,0.0
5592,0.0
5593,0.0
5594,0.0
5595,0.0
5596,0.0
5597,0.0
5598,73.37
5599,275.04
5600,448.52
5601,609.98
5602,736.15
5603,814.39
5604,780.5
5605,708.91
5606,579.52
5607,409.53
5608,227.32
5609,54.76
5610,0.0
5611,0.0
5612,0.0
5613,0.0
5614,0.0
5615,0.0
5616,0.0
5617,0.0
5618,0.0
5619,0.0
5620,0.0
5621,0.0
5622,77.04
5623,272.51
5624,447.13
5625,609.98
5626,722.35
5627,786.66
5628,752.85
5629,696.53
5630,556.78
5631,383.79
5632,211.58
5633,57.17
5634,0.0
5635,0.0
5636,0.0
5637,0.0
5638,0.0
5639,0.0
5640,0.0
5641,0.0
5642,0.0
5643,0.0
5644,0.0
5645,0.0
5646,0.0
5647,1.09
5648,0.0
5649,0.0
5650,28.08
5651,46.06
5652,525.97
5653,457.28
5654,372.13
5655,148.6
5656,195.62
5657,11.92
5658,0.0
5659,0.0
5660,0.0
5661,0.0
5662,0.0
5663,0.0
5664,0.0
5665,0.0
5666,0.0
5667,0.0
5668,0.0
5669,0.0
5670,39.58
5671,34.25
5672,466.2
5673,598.7
5674,640.46
5675,589.0
5676,377.06
5677,98.42
5678,272.65
5679,165.12
5680,181.28
5681,30.27
5682,0.0
5683,0.0
5684,0.0
5685,0.0
5686,0.0
5687,0.0
5688,0.0
5689,0.0
5690,0.0
5691,0.0
5692,0.0
5693,0.0
5694,18.94
5695,135.14
5696,242.28
5697,533.88
5698,707.3
5699,280.53
5700,249.68
5701,55.11
5702,217.72
5703,177.42
5704,147.78
5705,48.35
5706,0.0
5707,0.0
5708,0.0
5709,0.0
5710,0.0
5711,0.0
5712,0.0
5713,0.0
5714,0.0
5715,0.0
5716,0.0
5717,0.0
5718,3.36
5719,21.46
5720,32.07
5721,40.94
5722,542.57
5723,782.36
5724,760.69
5725,690.11
5726,326.73
5727,25.84
5728,0.0
5729,19.05
5730,0.0
5731,0.0
5732,0.0
5733,0.0
5734,0.0
5735,0.0
5736,0.0
5737,0.0
5738,0.0
5739,0.0
5740,0.0
5741,0.0
5742,0.0
5743,3.43
5744,196.47
5745,1.29
5746,5.22
5747,0.0
5748,73.75
5749,207.67
5750,122.97
5751,181.08
5752,79.06
5753,3.73
5754,0.0
5755,0.0
5756,0.0
5757,0.0
5758,0.0
5759,0.0
5760,0.0
5761,0.0
5762,0.0
5763,0.0
5764,0.0
5765,0.0
5766,50.77
5767,174.47
5768,450.08
5769,611.86
5770,749.76
5771,782.94
5772,746.71
5773,676.16
5774,559.83
5775,397.85
5776,155.67
5777,11.82
5778,0.0
5779,0.0
5780,0.0
5781,0.0
5782,0.0
5783,0.0
5784,0.0
5785,0.0
5786,0.0
5787,0.0
5788,0.0
5789,0.0
5790,27.72
5791,22.21
5792,93.55
5793,130.5
5794,417.37
5795,660.44
5796,383.23
5797,52.5
5798,115.87
5799,163.08
5800,147.31
5801,32.47
5802,0.0
5803,0.0
5804,0.0
5805,0.0
5806,0.0
5807,0.0
5808,0.0
5809,0.0
5810,0.0
5811,0.0
5812,0.0
5813,0.0
5814,56.67
5815,225.95
5816,396.48
5817,553.16
5818,680.27
5819,738.5
5820,662.84
5821,598.9
5822,451.56
5823,165.46
5824,0.99
5825,30.01
5826,0.0
5827,0.0
5828,0.0
5829,0.0
5830,0.0
5831,0.0
5832,0.0
5833,0.0
5834,0.0
5835,0.0
5836,0.0
5837,0.0
5838,84.13
5839,253.84
5840,309.87
5841,35.72
5842,26.73
5843,0.0
5844,5.29
5845,2.59
5846,2.5
5847,0.0
5848,44.05
5849,9.35
5850,0.0
5851,0.0
5852,0.0
5853,0.0
5854,0.0
5855,0.0
5856,0.0
5857,0.0
5858,0.0
5859,0.0
5860,0.0
5861,0.0
5862,0.0
5863,0.0
5864,0.0
5865,0.0
5866,0.0
5867,0.0
5868,0.0
5869,0.0
5870,0.0
5871,0.0
5872,2.02
5873,5.55
5874,0.0
5875,0.0
5876,0.0
5877,0.0
5878,0.0
5879,0.0
5880,0.0
5881,0.0
5882,0.0
5883,0.0
5884,0.0
5885,0.0
5886,2.94
5887,0.0
5888,0.0
5889,0.0
5890,0.0
5891,72.96
5892,0.0
5893,3.93
5894,254.3
5895,260.59
5896,204.35
5897,39.76
5898,0.0
5899,0.0
5900,0.0
5901,0.0
5902,0.0
5903,0.0
5904,0.0
5905,0.0
5906,0.0
5907,0.0
5908,0.0
5909,0.0
5910,78.22
5911,261.0
5912,282.48
5913,68.91
5914,202.87
5915,97.84
5916,488.32
5917,469.51
5918,517.14
5919,346.3
5920,184.83
5921,31.09
5922,0.0
5923,0.0
5924,0.0
5925,0.0
5926,0.0
5927,0.0
5928,0.0
5929,0.0
5930,0.0
5931,0.0
5932,0.0
5933,0.0
5934,27.75
5935,236.67
5936,427.53
5937,570.21
5938,726.16
5939,714.91
5940,110.95
5941,333.07
5942,41.04
5943,15.65
5944,21.92
5945,28.55
5946,0.0
5947,0.0
5948,0.0
5949,0.0
5950,0.0
5951,0.0
5952,0.0
5953,0.0
5954,0.0
5955,0.0
5956,0.0
5957,0.0
5958,55.85
5959,118.61
5960,360.2
5961,164.5
5962,590.14
5963,798.92
5964,236.83
5965,619.54
5966,464.92
5967,305.97
5968,142.49
5969,16.74
5970,0.0
5971,0.0
5972,0.0
5973,0.0
5974,0.0
5975,0.0
5976,0.0
5977,0.0
5978,0.0
5979,0.0
5980,0.0
5981,0.0
5982,0.0
5983,0.0
5984,0.0
5985,0.0
5986,0.0
5987,0.0
5988,0.0
5989,10.75
5990,0.0
5991,0.0
5992,1.07
5993,2.33
5994,0.0
5995,0.0
5996,0.0
5997,0.0
5998,0.0
5999,0.0
6000,0.0
6001,0.0
6002,0.0
6003,0.0
6004,0.0
6005,0.0
6006,0.0
6007,0.0
6008,0.0
6009,0.0
6010,0.0
6011,1.39
6012,6.89
6013,120.35
6014,30.13
6015,46.94
6016,60.49
6017,2.36
6018,0.0
6019,0.0
6020,0.0
6021,0.0
6022,0.0
6023,0.0
6024,0.0
6025,0.0
6026,0.0
6027,0.0
6028,0.0
6029,0.0
6030,60.44
6031,261.56
6032,450.54
6033,620.95
6034,729.68
6035,666.56
6036,644.48
6037,601.55
6038,473.7
6039,311.6
6040,182.59
6041,7.18
6042,0.0
6043,0.0
6044,0.0
6045,0.0
6046,0.0
6047,0.0
6048,0.0
6049,0.0
6050,0.0
6051,0.0
6052,0.0
6053,0.0
6054,63.3
6055,257.11
6056,435.32
6057,604.49
6058,711.88
6059,755.25
6060,701.46
6061,665.76
6062,543.68
6063,360.97
6064,173.8
6065,22.43
6066,0.0
6067,0.0
6068,0.0
6069,0.0
6070,0.0
6071,0.0
6072,0.0
6073,0.0
6074,0.0
6075,0.0
6076,0.0
6077,0.0
6078,0.0
6079,204.76
6080,4.23
6081,0.0
6082,0.0
6083,0.0
6084,0.0
6085,0.0
6086,0.0
6087,91.4
6088,139.04
6089,8.61
6090,0.0
6091,0.0
6092,0.0
6093,0.0
6094,0.0
6095,0.0
6096,0.0
6097,0.0
6098,0.0
6099,0.0
6100,0.0
6101,0.0
6102,32.27
6103,191.07
6104,431.02
6105,608.14
6106,702.87
6107,743.42
6108,703.27
6109,630.26
6110,533.06
6111,347.27
6112,167.01
6113,20.61
6114,0.0
6115,0.0
6116,0.0
6117,0.0
6118,0.0
6119,0.0
6120,0.0
6121,0.0
6122,0.0
6123,0.0
6124,0.0
6125,0.0
6126,56.26
6127,251.43
6128,433.85
6129,612.91
6130,720.68
6131,762.56
6132,721.98
6133,658.31
6134,534.48
6135,366.16
6136,164.69
6137,17.15
6138,0.0
6139,0.0
6140,0.0
6141,0.0
6142,0.0
6143,0.0
6144,0.0
6145,0.0
6146,0.0
6147,0.0
6148,0.0
6149,0.0
6150,6.59
6151,96.92
6152,242.31
6153,525.98
6154,670.41
6155,565.15
6156,533.55
6157,465.83
6158,201.49
6159,218.2
6160,28.03
6161,9.05
6162,0.0
6163,0.0
6164,0.0
6165,0.0
6166,0.0
6167,0.0
6168,0.0
6169,0.0
6170,0.0
6171,0.0
6172,0.0
6173,0.0
6174,28.56
6175,192.4
6176,391.33
6177,577.19
6178,705.84
6179,746.34
6180,732.86
6181,680.24
6182,540.24
6183,340.49
6184,151.66
6185,9.89
6186,0.0
6187,0.0
6188,0.0
6189,0.0
6190,0.0
6191,0.0
6192,0.0
6193,0.0
6194,0.0
6195,0.0
6196,0.0
6197,0.0
6198,29.49
6199,171.81
6200,417.54
6201,599.63
6202,718.2
6203,745.43
6204,759.46
6205,665.07
6206,539.05
6207,346.65
6208,162.36
6209,13.48
6210,0.0
6211,0.0
6212,0.0
6213,0.0
6214,0.0
6215,0.0
6216,0.0
6217,0.0
6218,0.0
6219,0.0
6220,0.0
6221,0.0
6222,34.84
6223,161.03
6224,373.99
6225,576.17
6226,692.12
6227,731.24
6228,703.26
6229,422.6
6230,192.4
6231,176.49
6232,47.63
6233,3.45
6234,0.0
6235,0.0
6236,0.0
6237,0.0
6238,0.0
6239,0.0
6240,0.0
6241,0.0
6242,0.0
6243,0.0
6244,0.0
6245,0.0
6246,10.51
6247,12.11
6248,22.67
6249,0.0
6250,0.0
6251,0.0
6252,0.0
6253,0.0
6254,0.0
6255,0.0
6256,1.24
6257,2.83
6258,0.0
6259,0.0
6260,0.0
6261,0.0
6262,0.0
6263,0.0
6264,0.0
6265,0.0
6266,0.0
6267,0.0
6268,0.0
6269,0.0
6270,40.43
6271,230.74
6272,418.56
6273,520.52
6274,542.45
6275,669.47
6276,689.21
6277,561.5
6278,479.87
6279,317.97
6280,156.41
6281,5.83
6282,0.0
6283,0.0
6284,0.0
6285,0.0
6286,0.0
6287,0.0
6288,0.0
6289,0.0
6290,0.0
6291,0.0
6292,0.0
6293,0.0
6294,14.51
6295,236.0
6296,393.71
6297,531.03
6298,681.51
6299,747.81
6300,732.69
6301,625.92
6302,522.91
6303,343.78
6304,125.73
6305,4.52
6306,0.0
6307,0.0
6308,0.0
6309,0.0
6310,0.0
6311,0.0
6312,0.0
6313,0.0
6314,0.0
6315,0.0
6316,0.0
6317,0.0
6318,0.0
6319,55.59
6320,202.88
6321,206.81
6322,397.56
6323,531.81
6324,565.36
6325,541.81
6326,242.68
6327,183.0
6328,39.17
6329,0.78
6330,0.0
6331,0.0
6332,0.0
6333,0.0
6334,0.0
6335,0.0
6336,0.0
6337,0.0
6338,0.0
6339,0.0
6340,0.0
6341,0.0
6342,29.55
6343,193.76
6344,399.16
6345,588.39
6346,691.68
6347,729.31
6348,726.42
6349,620.52
6350,495.54
6351,324.67
6352,136.95
6353,5.7
6354,0.0
6355,0.0
6356,0.0
6357,0.0
6358,0.0
6359,0.0
6360,0.0
6361,0.0
6362,0.0
6363,0.0
6364,0.0
6365,0.0
6366,25.32
6367,197.02
6368,394.0
6369,580.93
6370,684.48
6371,736.02
6372,719.44
6373,611.78
6374,498.54
6375,324.2
6376,139.55
6377,5.12
6378,0.0
6379,0.0
6380,0.0
6381,0.0
6382,0.0
6383,0.0
6384,0.0
6385,0.0
6386,0.0
6387,0.0
6388,0.0
6389,0.0
6390,28.27
6391,192.03
6392,367.76
6393,239.16
6394,153.27
6395,1.55
6396,85.79
6397,128.77
6398,1.49
6399,11.67
6400,29.01
6401,0.9
6402,0.0
6403,0.0
6404,0.0
6405,0.0
6406,0.0
6407,0.0
6408,0.0
6409,0.0
6410,0.0
6411,0.0
6412,0.0
6413,0.0
6414,13.77
6415,67.95
6416,402.92
6417,567.23
6418,102.44
6419,73.26
6420,138.89
6421,19.85
6422,238.08
6423,174.22
6424,94.46
6425,0.96
6426,0.0
6427,0.0
6428,0.0
6429,0.0
6430,0.0
6431,0.0
6432,0.0
6433,0.0
6434,0.0
6435,0.0
6436,0.0
6437,0.0
6438,22.61
6439,19.02
6440,316.78
6441,198.29
6442,212.81
6443,1.57
6444,0.0
6445,0.0
6446,0.0
6447,0.0
6448,0.0
6449,0.0
6450,0.0
6451,0.0
6452,0.0
6453,0.0
6454,0.0
6455,0.0
6456,0.0
6457,0.0
6458,0.0
6459,0.0
6460,0.0
6461,0.0
6462,2.15
6463,0.0
6464,0.0
6465,0.0
6466,0.0
6467,52.2
6468,89.27
6469,4.65
6470,0.0
6471,10.6
6472,0.0
6473,0.0
6474,0.0
6475,0.0
6476,0.0
6477,0.0
6478,0.0
6479,0.0
6480,0.0
6481,0.0
6482,0.0
6483,0.0
6484,0.0
6485,0.0
6486,0.0
6487,0.0
6488,23.64
6489,0.0
6490,83.89
6491,0.0
6492,67.85
6493,111.06
6494,352.01
6495,263.91
6496,102.36
6497,0.0
6498,0.0
6499,0.0
6500,0.0
6501,0.0
6502,0.0
6503,0.0
6504,0.0
6505,0.0
6506,0.0
6507,0.0
6508,0.0
6509,0.0
6510,0.0
6511,0.0
6512,0.0
6513,0.0
6514,0.0
6515,0.0
6516,6.36
6517,1.58
6518,0.0
6519,0.0
6520,0.0
6521,0.0
6522,0.0
6523,0.0
6524,0.0
6525,0.0
6526,0.0
6527,0.0
6528,0.0
6529,0.0
6530,0.0
6531,0.0
6532,0.0
6533,0.0
6534,15.02
6535,14.87
6536,48.41
6537,0.0
6538,27.87
6539,0.0
6540,113.75
6541,71.57
6542,49.04
6543,50.45
6544,18.95
6545,0.0
6546,0.0
6547,0.0
6548,0.0
6549,0.0
6550,0.0
6551,0.0
6552,0.0
6553,0.0
6554,0.0
6555,0.0
6556,0.0
6557,0.0
6558,0.0
6559,30.32
6560,0.0
6561,0.0
6562,0.0
6563,0.0
6564,0.0
6565,0.0
6566,0.0
6567,0.0
6568,22.68
6569,0.0
6570,0.0
6571,0.0
6572,0.0
6573,0.0
6574,0.0
6575,0.0
6576,0.0
6577,0.0
6578,0.0
6579,0.0
6580,0.0
6581,0.0
6582,0.0
6583,0.0
6584,1.77
6585,0.0
6586,0.0
6587,0.0
6588,0.0
6589,0.0
6590,0.0
6591,0.0
6592,0.0
6593,0.0
6594,0.0
6595,0.0
6596,0.0
6597,0.0
6598,0.0
6599,0.0
6600,0.0
6601,0.0
6602,0.0
6603,0.0
6604,0.0
6605,0.0
6606,0.0
6607,0.0
6608,1.79
6609,5.16
6610,0.0
6611,0.0
6612,429.71
6613,385.13
6614,420.95
6615,233.68
6616,1.71
6617,0.0
6618,0.0
6619,0.0
6620,0.0
6621,0.0
6622,0.0
6623,0.0
6624,0.0
6625,0.0
6626,0.0
6627,0.0
6628,0.0
6629,0.0
6630,9.57
6631,166.84
6632,30.87
6633,263.91
6634,135.5
6635,448.79
6636,214.92
6637,324.32
6638,123.68
6639,115.26
6640,10.57
6641,0.0
6642,0.0
6643,0.0
6644,0.0
6645,0.0
6646,0.0
6647,0.0
6648,0.0
6649,0.0
6650,0.0
6651,0.0
6652,0.0
6653,0.0
6654,0.0
6655,0.0
6656,0.0
6657,42.08
6658,175.92
6659,724.76
6660,643.3
6661,481.67
6662,408.39
6663,284.95
6664,96.19
6665,0.0
6666,0.0
6667,0.0
6668,0.0
6669,0.0
6670,0.0
6671,0.0
6672,0.0
6673,0.0
6674,0.0
6675,0.0
6676,0.0
6677,0.0
6678,0.0
6679,14.66
6680,400.42
6681,283.26
6682,494.34
6683,239.0
6684,1.68
6685,92.17
6686,20.22
6687,10.34
6688,1.87
6689,0.0
6690,0.0
6691,0.0
6692,0.0
6693,0.0
6694,0.0
6695,0.0
6696,0.0
6697,0.0
6698,0.0
6699,0.0
6700,0.0
6701,0.0
6702,20.0
6703,134.81
6704,252.81
6705,593.58
6706,670.55
6707,746.7
6708,348.96
6709,224.93
6710,63.05
6711,271.33
6712,77.45
6713,0.0
6714,0.0
6715,0.0
6716,0.0
6717,0.0
6718,0.0
6719,0.0
6720,0.0
6721,0.0
6722,0.0
6723,0.0
6724,0.0
6725,0.0
6726,0.0
6727,2.19
6728,0.0
6729,137.24
6730,1.75
6731,36.17
6732,522.66
6733,1.71
6734,0.0
6735,0.0
6736,26.06
6737,0.0
6738,0.0
6739,0.0
6740,0.0
6741,0.0
6742,0.0
6743,0.0
6744,0.0
6745,0.0
6746,0.0
6747,0.0
6748,0.0
6749,0.0
6750,0.0
6751,0.0
6752,36.8
6753,140.45
6754,0.0
6755,1.74
6756,0.0
6757,0.0
6758,3.49
6759,119.41
6760,72.76
6761,0.0
6762,0.0
6763,0.0
6764,0.0
6765,0.0
6766,0.0
6767,0.0
6768,0.0
6769,0.0
6770,0.0
6771,0.0
6772,0.0
6773,0.0
6774,0.0
6775,146.36
6776,92.27
6777,175.05
6778,800.52
6779,672.42
6780,392.55
6781,340.81
6782,123.45
6783,244.76
6784,38.88
6785,0.0
6786,0.0
6787,0.0
6788,0.0
6789,0.0
6790,0.0
6791,0.0
6792,0.0
6793,0.0
6794,0.0
6795,0.0
6796,0.0
6797,0.0
6798,0.0
6799,18.72
6800,15.92
6801,20.48
6802,181.67
6803,167.74
6804,52.55
6805,28.09
6806,0.0
6807,0.0
6808,0.0
6809,0.0
6810,0.0
6811,0.0
6812,0.0
6813,0.0
6814,0.0
6815,0.0
6816,0.0
6817,0.0
6818,0.0
6819,0.0
6820,0.0
6821,0.0
6822,0.0
6823,0.0
6824,2.02
6825,124.14
6826,0.0
6827,0.0
6828,0.0
6829,0.0
6830,0.0
6831,24.78
6832,0.0
6833,0.0
6834,0.0
6835,0.0
6836,0.0
6837,0.0
6838,0.0
6839,0.0
6840,0.0
6841,0.0
6842,0.0
6843,0.0
6844,0.0
6845,0.0
6846,0.0
6847,0.0
6848,0.0
6849,0.0
6850,0.0
6851,0.0
6852,0.0
6853,0.0
6854,0.0
6855,0.0
6856,0.0
6857,0.0
6858,0.0
6859,0.0
6860,0.0
6861,0.0
6862,0.0
6863,0.0
6864,0.0
6865,0.0
6866,0.0
6867,0.0
6868,0.0
6869,0.0
6870,0.0
6871,0.0
6872,0.0
6873,0.0
6874,0.0
6875,0.0
6876,0.0
6877,0.0
6878,0.0
6879,0.0
6880,0.0
6881,0.0
6882,0.0
6883,0.0
6884,0.0
6885,0.0
6886,0.0
6887,0.0
6888,0.0
6889,0.0
6890,0.0
6891,0.0
6892,0.0
6893,0.0
6894,0.0
6895,77.44
6896,29.47
6897,5.82
6898,0.0
6899,0.0
6900,0.0
6901,0.0
6902,1.87
6903,0.0
6904,0.0
6905,0.0
6906,0.0
6907,0.0
6908,0.0
6909,0.0
6910,0.0
6911,0.0
6912,0.0
6913,0.0
6914,0.0
6915,0.0
6916,0.0
6917,0.0
6918,0.0
6919,2.65
6920,0.0
6921,17.66
6922,0.0
6923,0.0
6924,0.0
6925,160.36
6926,240.94
6927,47.27
6928,25.66
6929,0.0
6930,0.0
6931,0.0
6932,0.0
6933,0.0
6934,0.0
6935,0.0
6936,0.0
6937,0.0
6938,0.0
6939,0.0
6940,0.0
6941,0.0
6942,0.0
6943,0.0
6944,17.34
6945,0.0
6946,0.0
6947,0.0
6948,0.0
6949,0.0
6950,0.0
6951,0.0
6952,6.03
6953,0.0
6954,0.0
6955,0.0
6956,0.0
6957,0.0
6958,0.0
6959,0.0
6960,0.0
6961,0.0
6962,0.0
6963,0.0
6964,0.0
6965,0.0
6966,0.0
6967,0.0
6968,0.0
6969,0.0
6970,0.0
6971,0.0
6972,0.0
6973,0.0
6974,0.0
6975,21.39
6976,0.0
6977,0.0
6978,0.0
6979,0.0
6980,0.0
6981,0.0
6982,0.0
6983,0.0
6984,0.0
6985,0.0
6986,0.0
6987,0.0
6988,0.0
6989,0.0
6990,0.0
6991,97.81
6992,20.1
6993,97.33
6994,0.0
6995,7.57
6996,37.6
6997,0.0
6998,0.0
6999,0.0
7000,10.26
7001,0.0
7002,0.0
7003,0.0
7004,0.0
7005,0.0
7006,0.0
7007,0.0
7008,0.0
7009,0.0
7010,0.0
7011,0.0
7012,0.0
7013,0.0
7014,0.0
7015,62.19
7016,52.15
7017,20.51
7018,50.79
7019,167.93
7020,163.15
7021,9.6
7022,0.0
7023,0.0
7024,0.0
7025,0.0
7026,0.0
7027,0.0
7028,0.0
7029,0.0
7030,0.0
7031,0.0
7032,0.0
7033,0.0
7034,0.0
7035,0.0
7036,0.0
7037,0.0
7038,0.0
7039,79.34
7040,329.3
7041,524.65
7042,577.8
7043,648.89
7044,637.58
7045,465.6
7046,409.12
7047,239.39
7048,43.46
7049,0.0
7050,0.0
7051,0.0
7052,0.0
7053,0.0
7054,0.0
7055,0.0
7056,0.0
7057,0.0
7058,0.0
7059,0.0
7060,0.0
7061,0.0
7062,0.0
7063,0.0
7064,11.7
7065,0.0
7066,105.52
7067,21.37
7068,28.99
7069,74.5
7070,112.91
7071,53.61
7072,4.29
7073,0.0
7074,0.0
7075,0.0
7076,0.0
7077,0.0
7078,0.0
7079,0.0
7080,0.0
7081,0.0
7082,0.0
7083,0.0
7084,0.0
7085,0.0
7086,0.0
7087,110.45
7088,306.62
7089,445.52
7090,570.93
7091,380.35
7092,513.0
7093,519.11
7094,39.54
7095,90.6
7096,4.68
7097,0.0
7098,0.0
7099,0.0
7100,0.0
7101,0.0
7102,0.0
7103,0.0
7104,0.0
7105,0.0
7106,0.0
7107,0.0
7108,0.0
7109,0.0
7110,0.0
7111,33.57
7112,50.73
7113,62.24
7114,60.9
7115,39.57
7116,9.84
7117,60.08
7118,21.1
7119,34.16
7120,5.16
7121,0.0
7122,0.0
7123,0.0
7124,0.0
7125,0.0
7126,0.0
7127,0.0
7128,0.0
7129,0.0
7130,0.0
7131,0.0
7132,0.0
7133,0.0
7134,0.0
7135,10.42
7136,66.3
7137,0.0
7138,0.0
7139,63.89
7140,67.58
7141,119.43
7142,0.0
7143,9.99
7144,0.0
7145,0.0
7146,0.0
7147,0.0
7148,0.0
7149,0.0
7150,0.0
7151,0.0
7152,0.0
7153,0.0
7154,0.0
7155,0.0
7156,0.0
7157,0.0
7158,0.0
7159,158.26
7160,2.5
7161,24.17
7162,0.0
7163,0.0
7164,2.01
7165,0.0
7166,2.17
7167,20.47
7168,0.0
7169,0.0
7170,0.0
7171,0.0
7172,0.0
7173,0.0
7174,0.0
7175,0.0
7176,0.0
7177,0.0
7178,0.0
7179,0.0
7180,0.0
7181,0.0
7182,0.0
7183,22.38
7184,73.64
7185,95.6
7186,112.9
7187,567.46
7188,656.33
7189,560.57
7190,301.65
7191,47.2
7192,0.0
7193,0.0
7194,0.0
7195,0.0
7196,0.0
7197,0.0
7198,0.0
7199,0.0
7200,0.0
7201,0.0
7202,0.0
7203,0.0
7204,0.0
7205,0.0
7206,0.0
7207,0.0
7208,126.59
7209,252.0
7210,377.99
7211,552.23
7212,53.17
7213,0.0
7214,96.05
7215,134.43
7216,0.0
7217,0.0
7218,0.0
7219,0.0
7220,0.0
7221,0.0
7222,0.0
7223,0.0
7224,0.0
7225,0.0
7226,0.0
7227,0.0
7228,0.0
7229,0.0
7230,0.0
7231,72.52
7232,89.38
7233,52.38
7234,407.39
7235,646.52
7236,633.94
7237,539.17
7238,317.32
7239,193.07
7240,0.0
7241,0.0
7242,0.0
7243,0.0
7244,0.0
7245,0.0
7246,0.0
7247,0.0
7248,0.0
7249,0.0
7250,0.0
7251,0.0
7252,0.0
7253,0.0
7254,0.0
7255,50.36
7256,358.53
7257,290.45
7258,504.15
7259,541.75
7260,381.55
7261,0.0
7262,85.1
7263,11.32
7264,0.0
7265,0.0
7266,0.0
7267,0.0
7268,0.0
7269,0.0
7270,0.0
7271,0.0
7272,0.0
7273,0.0
7274,0.0
7275,0.0
7276,0.0
7277,0.0
7278,0.0
7279,39.42
7280,348.68
7281,490.05
7282,548.45
7283,407.51
7284,357.89
7285,41.07
7286,0.0
7287,0.0
7288,0.0
7289,0.0
7290,0.0
7291,0.0
7292,0.0
7293,0.0
7294,0.0
7295,0.0
7296,0.0
7297,0.0
7298,0.0
7299,0.0
7300,0.0
7301,0.0
7302,0.0
7303,9.16
7304,33.29
7305,42.53
7306,428.73
7307,85.26
7308,34.01
7309,196.74
7310,165.86
7311,134.4
7312,0.0
7313,0.0
7314,0.0
7315,0.0
7316,0.0
7317,0.0
7318,0.0
7319,0.0
7320,0.0
7321,0.0
7322,0.0
7323,0.0
7324,0.0
7325,0.0
7326,0.0
7327,14.39
7328,90.43
7329,124.39
7330,77.74
7331,135.56
7332,64.4
7333,39.79
7334,0.0
7335,159.65
7336,0.0
7337,0.0
7338,0.0
7339,0.0
7340,0.0
7341,0.0
7342,0.0
7343,0.0
7344,0.0
7345,0.0
7346,0.0
7347,0.0
7348,0.0
7349,0.0
7350,0.0
7351,20.15
7352,204.43
7353,0.0
7354,0.0
7355,0.0
7356,2.17
7357,2.24
7358,0.0
7359,0.0
7360,0.0
7361,0.0
7362,0.0
7363,0.0
7364,0.0
7365,0.0
7366,0.0
7367,0.0
7368,0.0
7369,0.0
7370,0.0
7371,0.0
7372,0.0
7373,0.0
7374,0.0
7375,31.82
7376,102.72
7377,53.97
7378,0.0
7379,0.0
7380,0.0
7381,0.0
7382,0.0
7383,0.0
7384,0.0
7385,0.0
7386,0.0
7387,0.0
7388,0.0
7389,0.0
7390,0.0
7391,0.0
7392,0.0
7393,0.0
7394,0.0
7395,0.0
7396,0.0
7397,0.0
7398,0.0
7399,0.0
7400,0.0
7401,0.0
7402,0.0
7403,0.0
7404,0.0
7405,0.0
7406,0.0
7407,0.0
7408,0.0
7409,0.0
7410,0.0
7411,0.0
7412,0.0
7413,0.0
7414,0.0
7415,0.0
7416,0.0
7417,0.0
7418,0.0
7419,0.0
7420,0.0
7421,0.0
7422,0.0
7423,65.2
7424,317.35
7425,457.99
7426,196.74
7427,4.47
7428,60.27
7429,34.69
7430,281.18
7431,93.03
7432,0.0
7433,0.0
7434,0.0
7435,0.0
7436,0.0
7437,0.0
7438,0.0
7439,0.0
7440,0.0
7441,0.0
7442,0.0
7443,0.0
7444,0.0
7445,0.0
7446,0.0
7447,6.3
7448,68.48
7449,66.28
7450,21.05
7451,288.85
7452,81.15
7453,53.79
7454,160.94
7455,17.75
7456,0.0
7457,0.0
7458,0.0
7459,0.0
7460,0.0
7461,0.0
7462,0.0
7463,0.0
7464,0.0
7465,0.0
7466,0.0
7467,0.0
7468,0.0
7469,0.0
7470,0.0
7471,0.0
7472,34.94
7473,20.66
7474,4.73
7475,375.91
7476,541.76
7477,392.62
7478,361.15
7479,113.49
7480,0.0
7481,0.0
7482,0.0
7483,0.0
7484,0.0
7485,0.0
7486,0.0
7487,0.0
7488,0.0
7489,0.0
7490,0.0
7491,0.0
7492,0.0
7493,0.0
7494,0.0
7495,0.0
7496,162.13
7497,258.99
7498,558.75
7499,673.92
7500,634.42
7501,547.77
7502,388.18
7503,117.07
7504,0.0
7505,0.0
7506,0.0
7507,0.0
7508,0.0
7509,0.0
7510,0.0
7511,0.0
7512,0.0
7513,0.0
7514,0.0
7515,0.0
7516,0.0
7517,0.0
7518,0.0
7519,0.0
7520,9.93
7521,0.0
7522,0.0
7523,0.0
7524,0.0
7525,0.0
7526,0.0
7527,0.0
7528,0.0
7529,0.0
7530,0.0
7531,0.0
7532,0.0
7533,0.0
7534,0.0
7535,0.0
7536,0.0
7537,0.0
7538,0.0
7539,0.0
7540,0.0
7541,0.0
7542,0.0
7543,0.0
7544,0.0
7545,0.0
7546,180.42
7547,0.0
7548,0.0
7549,0.0
7550,0.0
7551,0.0
7552,0.0
7553,0.0
7554,0.0
7555,0.0
7556,0.0
7557,0.0
7558,0.0
7559,0.0
7560,0.0
7561,0.0
7562,0.0
7563,0.0
7564,0.0
7565,0.0
7566,0.0
7567,0.0
7568,0.0
7569,0.0
7570,0.0
7571,0.0
7572,0.0
7573,0.0
7574,2.8
7575,12.47
7576,0.0
7577,0.0
7578,0.0
7579,0.0
7580,0.0
7581,0.0
7582,0.0
7583,0.0
7584,0.0
7585,0.0
7586,0.0
7587,0.0
7588,0.0
7589,0.0
7590,0.0
7591,0.0
7592,0.0
7593,0.0
7594,0.0
7595,0.0
7596,0.0
7597,0.0
7598,0.0
7599,0.0
7600,0.0
7601,0.0
7602,0.0
7603,0.0
7604,0.0
7605,0.0
7606,0.0
7607,0.0
7608,0.0
7609,0.0
7610,0.0
7611,0.0
7612,0.0
7613,0.0
7614,0.0
7615,0.0
7616,10.83
7617,0.0
7618,0.0
7619,7.23
7620,2.41
7621,0.0
7622,20.24
7623,0.0
7624,0.0
7625,0.0
7626,0.0
7627,0.0
7628,0.0
7629,0.0
7630,0.0
7631,0.0
7632,0.0
7633,0.0
7634,0.0
7635,0.0
7636,0.0
7637,0.0
7638,0.0
7639,0.0
7640,33.24
7641,113.28
7642,10.17
7643,9.74
7644,158.31
7645,30.69
7646,61.67
7647,0.0
7648,0.0
7649,0.0
7650,0.0
7651,0.0
7652,0.0
7653,0.0
7654,0.0
7655,0.0
7656,0.0
7657,0.0
7658,0.0
7659,0.0
7660,0.0
7661,0.0
7662,0.0
7663,0.0
7664,120.9
7665,487.91
7666,518.7
7667,628.98
7668,582.71
7669,444.7
7670,330.95
7671,66.48
7672,0.0
7673,0.0
7674,0.0
7675,0.0
7676,0.0
7677,0.0
7678,0.0
7679,0.0
7680,0.0
7681,0.0
7682,0.0
7683,0.0
7684,0.0
7685,0.0
7686,0.0
7687,0.0
7688,174.0
7689,250.15
7690,495.53
7691,495.95
7692,109.2
7693,180.34
7694,15.13
7695,0.0
7696,0.0
7697,0.0
7698,0.0
7699,0.0
7700,0.0
7701,0.0
7702,0.0
7703,0.0
7704,0.0
7705,0.0
7706,0.0
7707,0.0
7708,0.0
7709,0.0
7710,0.0
7711,0.0
7712,257.3
7713,50.11
7714,0.0
7715,10.01
7716,521.03
7717,338.14
7718,18.44
7719,0.0
7720,0.0
7721,0.0
7722,0.0
7723,0.0
7724,0.0
7725,0.0
7726,0.0
7727,0.0
7728,0.0
7729,0.0
7730,0.0
7731,0.0
7732,0.0
7733,0.0
7734,0.0
7735,0.0
7736,109.45
7737,143.4
7738,280.67
7739,313.15
7740,247.75
7741,82.77
7742,237.02
7743,26.32
7744,0.0
7745,0.0
7746,0.0
7747,0.0
7748,0.0
7749,0.0
7750,0.0
7751,0.0
7752,0.0
7753,0.0
7754,0.0
7755,0.0
7756,0.0
7757,0.0
7758,0.0
7759,0.0
7760,87.21
7761,287.64
7762,189.91
7763,364.4
7764,265.32
7765,80.94
7766,224.7
7767,87.17
7768,0.0
7769,0.0
7770,0.0
7771,0.0
7772,0.0
7773,0.0
7774,0.0
7775,0.0
7776,0.0
7777,0.0
7778,0.0
7779,0.0
7780,0.0
7781,0.0
7782,0.0
7783,0.0
7784,251.07
7785,309.91
7786,0.0
7787,372.8
7788,79.8
7789,381.63
7790,64.22
7791,67.69
7792,0.0
7793,0.0
7794,0.0
7795,0.0
7796,0.0
7797,0.0
7798,0.0
7799,0.0
7800,0.0
7801,0.0
7802,0.0
7803,0.0
7804,0.0
7805,0.0
7806,0.0
7807,0.0
7808,17.45
7809,177.25
7810,371.11
7811,505.77
7812,563.53
7813,468.13
7814,312.7
7815,105.11
7816,0.0
7817,0.0
7818,0.0
7819,0.0
7820,0.0
7821,0.0
7822,0.0
7823,0.0
7824,0.0
7825,0.0
7826,0.0
7827,0.0
7828,0.0
7829,0.0
7830,0.0
7831,0.0
7832,156.54
7833,400.19
7834,438.16
7835,308.72
7836,319.59
7837,436.67
7838,75.98
7839,12.09
7840,0.0
7841,0.0
7842,0.0
7843,0.0
7844,0.0
7845,0.0
7846,0.0
7847,0.0
7848,0.0
7849,0.0
7850,0.0
7851,0.0
7852,0.0
7853,0.0
7854,0.0
7855,0.0
7856,45.87
7857,12.77
7858,0.0
7859,0.0
7860,0.0
7861,75.84
7862,20.1
7863,0.0
7864,0.0
7865,0.0
7866,0.0
7867,0.0
7868,0.0
7869,0.0
7870,0.0
7871,0.0
7872,0.0
7873,0.0
7874,0.0
7875,0.0
7876,0.0
7877,0.0
7878,0.0
7879,0.0
7880,56.47
7881,229.69
7882,573.16
7883,604.05
7884,559.5
7885,507.61
7886,295.35
7887,77.68
7888,0.0
7889,0.0
7890,0.0
7891,0.0
7892,0.0
7893,0.0
7894,0.0
7895,0.0
7896,0.0
7897,0.0
7898,0.0
7899,0.0
7900,0.0
7901,0.0
7902,0.0
7903,0.0
7904,178.69
7905,403.14
7906,604.14
7907,633.2
7908,577.55
7909,526.71
7910,357.75
7911,53.57
7912,0.0
7913,0.0
7914,0.0
7915,0.0
7916,0.0
7917,0.0
7918,0.0
7919,0.0
7920,0.0
7921,0.0
7922,0.0
7923,0.0
7924,0.0
7925,0.0
7926,0.0
7927,0.0
7928,64.45
7929,308.78
7930,546.83
7931,597.78
7932,576.79
7933,554.66
7934,331.02
7935,48.46
7936,0.0
7937,0.0
7938,0.0
7939,0.0
7940,0.0
7941,0.0
7942,0.0
7943,0.0
7944,0.0
7945,0.0
7946,0.0
7947,0.0
7948,0.0
7949,0.0
7950,0.0
7951,0.0
7952,0.0
7953,16.82
7954,0.0
7955,0.0
7956,0.0
7957,0.0
7958,0.0
7959,0.0
7960,0.0
7961,0.0
7962,0.0
7963,0.0
7964,0.0
7965,0.0
7966,0.0
7967,0.0
7968,0.0
7969,0.0
7970,0.0
7971,0.0
7972,0.0
7973,0.0
7974,0.0
7975,0.0
7976,26.13
7977,17.03
7978,0.0
7979,98.91
7980,0.0
7981,0.0
7982,0.0
7983,0.0
7984,0.0
7985,0.0
7986,0.0
7987,0.0
7988,0.0
7989,0.0
7990,0.0
7991,0.0
7992,0.0
7993,0.0
7994,0.0
7995,0.0
7996,0.0
7997,0.0
7998,0.0
7999,0.0
8000,0.0
8001,20.69
8002,2.94
8003,2.77
8004,36.02
8005,0.0
8006,0.0
8007,0.0
8008,0.0
8009,0.0
8010,0.0
8011,0.0
8012,0.0
8013,0.0
8014,0.0
8015,0.0
8016,0.0
8017,0.0
8018,0.0
8019,0.0
8020,0.0
8021,0.0
8022,0.0
8023,0.0
8024,0.0
8025,0.0
8026,20.77
8027,2.79
8028,0.0
8029,0.0
8030,0.0
8031,0.0
8032,0.0
8033,0.0
8034,0.0
8035,0.0
8036,0.0
8037,0.0
8038,0.0
8039,0.0
8040,0.0
8041,0.0
8042,0.0
8043,0.0
8044,0.0
8045,0.0
8046,0.0
8047,0.0
8048,152.99
8049,378.15
8050,523.62
8051,592.66
8052,584.48
8053,548.22
8054,336.15
8055,24.26
8056,0.0
8057,0.0
8058,0.0
8059,0.0
8060,0.0
8061,0.0
8062,0.0
8063,0.0
8064,0.0
8065,0.0
8066,0.0
8067,0.0
8068,0.0
8069,0.0
8070,0.0
8071,0.0
8072,5.82
8073,14.31
8074,3.02
8075,0.0
8076,0.0
8077,0.0
8078,0.0
8079,24.94
8080,0.0
8081,0.0
8082,0.0
8083,0.0
8084,0.0
8085,0.0
8086,0.0
8087,0.0
8088,0.0
8089,0.0
8090,0.0
8091,0.0
8092,0.0
8093,0.0
8094,0.0
8095,0.0
8096,29.91
8097,278.62
8098,355.79
8099,133.82
8100,256.24
8101,0.0
8102,0.0
8103,0.0
8104,0.0
8105,0.0
8106,0.0
8107,0.0
8108,0.0
8109,0.0
8110,0.0
8111,0.0
8112,0.0
8113,0.0
8114,0.0
8115,0.0
8116,0.0
8117,0.0
8118,0.0
8119,0.0
8120,12.29
8121,0.0
8122,0.0
8123,458.49
8124,489.87
8125,67.7
8126,41.84
8127,0.0
8128,0.0
8129,0.0
8130,0.0
8131,0.0
8132,0.0
8133,0.0
8134,0.0
8135,0.0
8136,0.0
8137,0.0
8138,0.0
8139,0.0
8140,0.0
8141,0.0
8142,0.0
8143,0.0
8144,0.0
8145,0.0
8146,0.0
8147,0.0
8148,8.64
8149,0.0
8150,3.84
8151,0.0
8152,0.0
8153,0.0
8154,0.0
8155,0.0
8156,0.0
8157,0.0
8158,0.0
8159,0.0
8160,0.0
8161,0.0
8162,0.0
8163,0.0
8164,0.0
8165,0.0
8166,0.0
8167,0.0
8168,0.0
8169,101.02
8170,354.51
8171,530.76
8172,640.4
8173,495.48
8174,406.21
8175,109.82
8176,0.0
8177,0.0
8178,0.0
8179,0.0
8180,0.0
8181,0.0
8182,0.0
8183,0.0
8184,0.0
8185,0.0
8186,0.0
8187,0.0
8188,0.0
8189,0.0
8190,0.0
8191,0.0
8192,53.34
8193,52.93
8194,100.2
8195,656.25
8196,87.39
8197,28.21
8198,19.49
8199,0.0
8200,0.0
8201,0.0
8202,0.0
8203,0.0
8204,0.0
8205,0.0
8206,0.0
8207,0.0
8208,0.0
8209,0.0
8210,0.0
8211,0.0
8212,0.0
8213,0.0
8214,0.0
8215,0.0
8216,68.48
8217,248.27
8218,50.43
8219,96.76
8220,465.48
8221,485.21
8222,341.48
8223,28.48
8224,0.0
8225,0.0
8226,0.0
8227,0.0
8228,0.0
8229,0.0
8230,0.0
8231,0.0
8232,0.0
8233,0.0
8234,0.0
8235,0.0
8236,0.0
8237,0.0
8238,0.0
8239,0.0
8240,0.0
8241,3.86
8242,0.0
8243,0.0
8244,0.0
8245,0.0
8246,0.0
8247,19.28
8248,0.0
8249,0.0
8250,0.0
8251,0.0
8252,0.0
8253,0.0
8254,0.0
8255,0.0
8256,0.0
8257,0.0
8258,0.0
8259,0.0
8260,0.0
8261,0.0
8262,0.0
8263,0.0
8264,0.0
8265,15.57
8266,0.0
8267,0.0
8268,0.0
8269,28.62
8270,0.0
8271,0.0
8272,0.0
8273,0.0
8274,0.0
8275,0.0
8276,0.0
8277,0.0
8278,0.0
8279,0.0
8280,0.0
8281,0.0
8282,0.0
8283,0.0
8284,0.0
8285,0.0
8286,0.0
8287,0.0
8288,51.83
8289,0.0
8290,19.25
8291,2.97
8292,2.97
8293,0.0
8294,0.0
8295,0.0
8296,0.0
8297,0.0
8298,0.0
8299,0.0
8300,0.0
8301,0.0
8302,0.0
8303,0.0
8304,0.0
8305,0.0
8306,0.0
8307,0.0
8308,0.0
8309,0.0
8310,0.0
8311,0.0
8312,0.0
8313,7.92
8314,0.0
8315,0.0
8316,0.0
8317,0.0
8318,0.0
8319,0.0
8320,0.0
8321,0.0
8322,0.0
8323,0.0
8324,0.0
8325,0.0
8326,0.0
8327,0.0
8328,0.0
8329,0.0
8330,0.0
8331,0.0
8332,0.0
8333,0.0
8334,0.0
8335,0.0
8336,0.0
8337,0.0
8338,0.0
8339,0.0
8340,23.89
8341,0.0
8342,0.0
8343,0.0
8344,0.0
8345,0.0
8346,0.0
8347,0.0
8348,0.0
8349,0.0
8350,0.0
8351,0.0
8352,0.0
8353,0.0
8354,0.0
8355,0.0
8356,0.0
8357,0.0
8358,0.0
8359,0.0
8360,0.0
8361,8.05
8362,0.0
8363,0.0
8364,0.0
8365,0.0
8366,0.0
8367,0.0
8368,0.0
8369,0.0
8370,0.0
8371,0.0
8372,0.0
8373,0.0
8374,0.0
8375,0.0
8376,0.0
8377,0.0
8378,0.0
8379,0.0
8380,0.0
8381,0.0
8382,0.0
8383,0.0
8384,0.0
8385,36.48
8386,62.13
8387,39.22
8388,69.06
8389,84.03
8390,68.75
8391,0.0
8392,0.0
8393,0.0
8394,0.0
8395,0.0
8396,0.0
8397,0.0
8398,0.0
8399,0.0
8400,0.0
8401,0.0
8402,0.0
8403,0.0
8404,0.0
8405,0.0
8406,0.0
8407,0.0
8408,83.34
8409,301.94
8410,364.32
8411,586.79
8412,382.15
8413,148.96
8414,16.2
8415,0.0
8416,0.0
8417,0.0
8418,0.0
8419,0.0
8420,0.0
8421,0.0
8422,0.0
8423,0.0
8424,0.0
8425,0.0
8426,0.0
8427,0.0
8428,0.0
8429,0.0
8430,0.0
8431,0.0
8432,144.69
8433,451.54
8434,546.66
8435,303.17
8436,90.43
8437,0.0
8438,12.16
8439,0.0
8440,0.0
8441,0.0
8442,0.0
8443,0.0
8444,0.0
8445,0.0
8446,0.0
8447,0.0
8448,0.0
8449,0.0
8450,0.0
8451,0.0
8452,0.0
8453,0.0
8454,0.0
8455,0.0
8456,0.0
8457,0.0
8458,6.61
8459,21.26
8460,0.0
8461,0.0
8462,24.33
8463,0.0
8464,0.0
8465,0.0
8466,0.0
8467,0.0
8468,0.0
8469,0.0
8470,0.0
8471,0.0
8472,0.0
8473,0.0
8474,0.0
8475,0.0
8476,0.0
8477,0.0
8478,0.0
8479,0.0
8480,0.0
8481,29.03
8482,19.87
8483,6.08
8484,18.13
8485,6.5
8486,12.16
8487,0.0
8488,0.0
8489,0.0
8490,0.0
8491,0.0
8492,0.0
8493,0.0
8494,0.0
8495,0.0
8496,0.0
8497,0.0
8498,0.0
8499,0.0
8500,0.0
8501,0.0
8502,0.0
8503,0.0
8504,0.0
8505,41.65
8506,46.45
8507,9.14
8508,6.05
8509,6.5
8510,4.05
8511,0.0
8512,0.0
8513,0.0
8514,0.0
8515,0.0
8516,0.0
8517,0.0
8518,0.0
8519,0.0
8520,0.0
8521,0.0
8522,0.0
8523,0.0
8524,0.0
8525,0.0
8526,0.0
8527,0.0
8528,0.0
8529,20.9
8530,6.65
8531,121.94
8532,538.39
8533,405.83
8534,20.19
8535,0.0
8536,0.0
8537,0.0
8538,0.0
8539,0.0
8540,0.0
8541,0.0
8542,0.0
8543,0.0
8544,0.0
8545,0.0
8546,0.0
8547,0.0
8548,0.0
8549,0.0
8550,0.0
8551,0.0
8552,0.0
8553,0.0
8554,0.0
8555,6.1
8556,0.0
8557,0.0
8558,4.03
8559,0.0
8560,0.0
8561,0.0
8562,0.0
8563,0.0
8564,0.0
8565,0.0
8566,0.0
8567,0.0
8568,0.0
8569,0.0
8570,0.0
8571,0.0
8572,0.0
8573,0.0
8574,0.0
8575,0.0
8576,9.39
8577,0.0
8578,0.0
8579,0.0
8580,0.0
8581,0.0
8582,4.02
8583,18.47
8584,0.0
8585,0.0
8586,0.0
8587,0.0
8588,0.0
8589,0.0
8590,0.0
8591,0.0
8592,0.0
8593,0.0
8594,0.0
8595,0.0
8596,0.0
8597,0.0
8598,0.0
8599,0.0
8600,18.99
8601,0.0
8602,0.0
8603,0.0
8604,0.0
8605,0.0
8606,0.0
8607,0.0
8608,0.0
8609,0.0
8610,0.0
8611,0.0
8612,0.0
8613,0.0
8614,0.0
8615,0.0
8616,0.0
8617,0.0
8618,0.0
8619,0.0
8620,0.0
8621,0.0
8622,0.0
8623,0.0
8624,28.73
8625,147.52
8626,0.0
8627,0.0
8628,129.7
8629,25.82
8630,31.85
8631,26.61
8632,0.0
8633,0.0
8634,0.0
8635,0.0
8636,0.0
8637,0.0
8638,0.0
8639,0.0
8640,0.0
8641,0.0
8642,0.0
8643,0.0
8644,0.0
8645,0.0
8646,0.0
8647,0.0
8648,9.64
8649,29.51
8650,23.3
8651,27.39
8652,111.42
8653,90.12
8654,3.96
8655,0.0
8656,0.0
8657,0.0
8658,0.0
8659,0.0
8660,0.0
8661,0.0
8662,0.0
8663,0.0
8664,0.0
8665,0.0
8666,0.0
8667,0.0
8668,0.0
8669,0.0
8670,0.0
8671,0.0
8672,96.92
8673,387.8
8674,608.48
8675,708.12
8676,742.32
8677,635.35
8678,413.45
8679,84.71
8680,0.0
8681,0.0
8682,0.0
8683,0.0
8684,0.0
8685,0.0
8686,0.0
8687,0.0
8688,0.0
8689,0.0
8690,0.0
8691,0.0
8692,0.0
8693,0.0
8694,0.0
8695,0.0
8696,87.49
8697,25.27
8698,202.53
8699,218.41
8700,0.0
8701,0.0
8702,0.0
8703,0.0
8704,0.0
8705,0.0
8706,0.0
8707,0.0
8708,0.0
8709,0.0
8710,0.0
8711,0.0
8712,0.0
8713,0.0
8714,0.0
8715,0.0
8716,0.0
8717,0.0
8718,0.0
8719,0.0
8720,0.0
8721,0.0
8722,596.47
8723,674.98
8724,729.56
8725,633.9
8726,404.1
8727,56.37
8728,0.0
8729,0.0
8730,0.0
8731,0.0
8732,0.0
8733,0.0
8734,0.0
8735,0.0
8736,0.0
8737,0.0
8738,0.0
8739,0.0
8740,0.0
8741,0.0
8742,0.0
8743,0.0
8744,0.0
8745,0.0
8746,0.0
8747,45.28
8748,2.98
8749,0.0
8750,15.43
8751,148.97
8752,0.0
8753,0.0
8754,0.0
8755,0.0
8756,0.0
8757,0.0
8758,0.0
8759,0.0
8760,0.0
